Workbook

Sheet Inputs
A1: 3D Steering / Ackermann Calculator
A3: 좌표계: X = 차량 전방(+), Y = 차량 좌측(+), Z = 위쪽(+), 단위 = mm. 노란 셀은 입력값. 아래 좌표는 계산 검증용 예시이므로 실제 좌표로 교체.
A5: Vehicle | B5: Value | D5: Rack sweep | E5: Value
A6: Wheelbase [mm] | B6: 1300 | D6: Rack direction X | E6: 0
A7: Front track [mm] | B7: 1000 | D7: Rack direction Y | E7: 1
A8: Neutral toe - Left [deg] | B8: 0 | D8: Rack direction Z | E8: 0
A9: Neutral toe - Right [deg] | B9: 0 | D9: Sweep min [mm] | E9: -60
D10: Sweep max [mm] | E10: 60
D11: Step [mm] | E11: 1
A13: Point | B13: X [mm] | C13: Y [mm] | D13: Z [mm] | E13: Description
A14: LUO | B14: 885.481 | C14: 417.136 | D14: 325.986 | E14: Left upper arm outer ball joint
A15: LLO | B15: 897.369 | C15: 447.406 | D15: 159.113 | E15: Left lower arm outer ball joint
A16: LTO | B16: 1039.644 | C16: 479.751 | D16: 210.502 | E16: Left tie-rod outer
A17: LRI | B17: 919.873 | C17: 257.454 | D17: 182.189 | E17: Left rack / tie-rod inner at neutral
A18: RUO | B18: =B14 -> 885.481 | C18: =C14*-1 -> -417.136 | D18: =D14 -> 325.986 | E18: Right upper arm outer ball joint
A19: RLO | B19: =B15 -> 897.369 | C19: =C15*-1 -> -447.406 | D19: =D15 -> 159.113 | E19: Right lower arm outer ball joint
A20: RTO | B20: =B16 -> 1039.644 | C20: =C16*-1 -> -479.751 | D20: =D16 -> 210.502 | E20: Right tie-rod outer
A21: RRI | B21: =B17 -> 919.873 | C21: =C17*-1 -> -257.454 | D21: =D17 -> 182.189 | E21: Right rack / tie-rod inner at neutral
A23: 모델 가정: 조향 시 UCA/LCA outer 두 점이 정의하는 steering axis는 고정되고, tie-rod outer가 그 축 주위를 회전함. 랙 inner는 지정한 rack direction으로 직선 이동. 범프/롤에 따른 암 위치 변화는 포함하지 않음.

Sheet Geometry
A1: Derived geometry (do not edit) | B1: Left | C1: Right
A3: axis dx | B3: =Inputs!B14-Inputs!B15 -> -11.888 | C3: =Inputs!B18-Inputs!B19 -> -11.888
A4: axis dy | B4: =Inputs!C14-Inputs!C15 -> -30.27 | C4: =Inputs!C18-Inputs!C19 -> 30.27
A5: axis dz | B5: =Inputs!D14-Inputs!D15 -> 166.873 | C5: =Inputs!D18-Inputs!D19 -> 166.873
A6: axis norm | B6: =SQRT(B3^2+B4^2+B5^2) -> 170.01234 | C6: =SQRT(C3^2+C4^2+C5^2) -> 170.01234
A7: kx | B7: =B3/B6 -> -0.069924336 | C7: =C3/C6 -> -0.069924336
A8: ky | B8: =B4/B6 -> -0.1780459 | C8: =C4/C6 -> 0.1780459
A9: kz | B9: =B5/B6 -> 0.98153464 | C9: =C5/C6 -> 0.98153464
A11: v x = TO - LO | B11: =Inputs!B16-Inputs!B15 -> 142.275 | C11: =Inputs!B20-Inputs!B19 -> 142.275
A12: v y | B12: =Inputs!C16-Inputs!C15 -> 32.345 | C12: =Inputs!C20-Inputs!C19 -> -32.345
A13: v z | B13: =Inputs!D16-Inputs!D15 -> 51.389 | C13: =Inputs!D20-Inputs!D19 -> 51.389
A14: k·v | B14: =B7*B11+B8*B12+B9*B13 -> 34.732704 | C14: =C7*C11+C8*C12+C9*C13 -> 34.732704
A15: v_parallel x | B15: =B7*B14 -> -2.4286613 | C15: =C7*C14 -> -2.4286613
A16: v_parallel y | B16: =B8*B14 -> -6.1840155 | C16: =C8*C14 -> 6.1840155
A17: v_parallel z | B17: =B9*B14 -> 34.091352 | C17: =C9*C14 -> 34.091352
A18: v_perp x | B18: =B11-B15 -> 144.70366 | C18: =C11-C15 -> 144.70366
A19: v_perp y | B19: =B12-B16 -> 38.529016 | C19: =C12-C16 -> -38.529016
A20: v_perp z | B20: =B13-B17 -> 17.297648 | C20: =C13-C17 -> 17.297648
A21: w x = k × v | B21: =B8*B13-B9*B12 -> -40.897339 | C21: =C8*C13-C9*C12 -> 40.897339
A22: w y | B22: =B9*B11-B7*B13 -> 143.24118 | C22: =C9*C11-C7*C13 -> 143.24118
A23: w z | B23: =B7*B12-B8*B11 -> 23.069778 | C23: =C7*C12-C8*C11 -> -23.069778
A24: tie-rod neutral length | B24: =SQRT((Inputs!B16-Inputs!B17)^2+(Inputs!C16-Inputs!C17)^2+(Inputs!D16-Inputs!D17)^2) -> 254.09186 | C24: =SQRT((Inputs!B20-Inputs!B21)^2+(Inputs!C20-Inputs!C21)^2+(Inputs!D20-Inputs!D21)^2) -> 254.09186
A26: neutral toe [rad] | B26: =RADIANS(Inputs!B8) -> 0 | C26: =RADIANS(Inputs!B9) -> 0
A27: f0 x | B27: =COS(B26) -> 1 | C27: =COS(C26) -> 1
A28: f0 y | B28: =SIN(B26) -> 0 | C28: =SIN(C26) -> 0
A29: f0 z | B29: =0 -> 0 | C29: =0 -> 0
A30: k·f0 | B30: =B7*B27+B8*B28+B9*B29 -> -0.069924336 | C30: =C7*C27+C8*C28+C9*C29 -> -0.069924336
A31: k×f0 x | B31: =B8*B29-B9*B28 -> 0 | C31: =C8*C29-C9*C28 -> 0
A32: k×f0 y | B32: =B9*B27-B7*B29 -> 0.98153464 | C32: =C9*C27-C7*C29 -> 0.98153464
A33: k×f0 z | B33: =B7*B28-B8*B27 -> 0.1780459 | C33: =C7*C28-C8*C27 -> -0.1780459
A35: c0 x | B35: =Inputs!B15+B15-Inputs!B17 -> -24.932661 | C35: =Inputs!B19+C15-Inputs!B21 -> -24.932661
A36: c0 y | B36: =Inputs!C15+B16-Inputs!C17 -> 183.76798 | C36: =Inputs!C19+C16-Inputs!C21 -> -183.76798
A37: c0 z | B37: =Inputs!D15+B17-Inputs!D17 -> 11.015352 | C37: =Inputs!D19+C17-Inputs!D21 -> 11.015352
A38: A0 | B38: =2*(B35*B18+B36*B19+B37*B20) -> 7326.1837 | C38: =2*(C35*C18+C36*C19+C37*C20) -> 7326.1837
A39: B0 | B39: =2*(B35*B21+B36*B22+B37*B23) -> 55193.889 | C39: =2*(C35*C21+C36*C22+C37*C23) -> -55193.889
A40: D0 | B40: =B24^2-(B35^2+B36^2+B37^2)-(B18^2+B19^2+B20^2) -> 7326.1837 | C40: =C24^2-(C35^2+C36^2+C37^2)-(C18^2+C19^2+C20^2) -> 7326.1837
A41: M0 | B41: =SQRT(B38^2+B39^2) -> 55677.988 | C41: =SQRT(C38^2+C39^2) -> 55677.988
A42: phi0 | B42: =IF(B39>=0,ACOS(MAX(-1,MIN(1,B38/B41))),-ACOS(MAX(-1,MIN(1,B38/B41)))) -> 1.4388323 | C42: =IF(C39>=0,ACOS(MAX(-1,MIN(1,C38/C41))),-ACOS(MAX(-1,MIN(1,C38/C41)))) -> -1.4388323
A43: q0 | B43: =MAX(-1,MIN(1,B40/B41)) -> 0.13158133 | C43: =MAX(-1,MIN(1,C40/C41)) -> 0.13158133
A44: alpha0 | B44: =ACOS(B43) -> 1.4388323 | C44: =ACOS(C43) -> 1.4388323
A45: root + at 0 | B45: =MOD(B42+B44+PI(),2*PI())-PI() -> 2.8776646 | C45: =MOD(C42+C44+PI(),2*PI())-PI() -> 0
A46: root - at 0 | B46: =MOD(B42-B44+PI(),2*PI())-PI() -> 0 | C46: =MOD(C42-C44+PI(),2*PI())-PI() -> -2.8776646
A47: branch sign | B47: =IF(ABS(B45)<=ABS(B46),1,-1) -> -1 | C47: =IF(ABS(C45)<=ABS(C46),1,-1) -> 1

Sheet Math
A1: Stroke | B1: L_Rx | C1: L_Ry | D1: L_Rz | E1: L_cx | F1: L_cy | G1: L_cz | H1: L_A | I1: L_B | J1: L_D | K1: L_M | L1: L_q | M1: L_phi | N1: L_alpha | O1: L_theta | P1: L_valid | Q1: L_yaw_deg | R1: R_Rx | S1: R_Ry | T1: R_Rz | U1: R_cx | V1: R_cy | W1: R_cz | X1: R_A | Y1: R_B | Z1: R_D | AA1: R_M | AB1: R_q | AC1: R_phi | AD1: R_alpha | AE1: R_theta | AF1: R_valid | AG1: R_yaw_deg
A2: =IF(Inputs!$E$9+0*Inputs!$E$11<=Inputs!$E$10,Inputs!$E$9+0*Inputs!$E$11,"") -> -60 | B2: =IF(NOT(ISNUMBER($A2)),"",Inputs!$B$17+$A2*Inputs!$E$6/SQRT(Inputs!$E$6^2+Inputs!$E$7^2+Inputs!$E$8^2)) -> 919.873 | C2: =IF(NOT(ISNUMBER($A2)),"",Inputs!$C$17+$A2*Inputs!$E$7/SQRT(Inputs!$E$6^2+Inputs!$E$7^2+Inputs!$E$8^2)) -> 197.454 | D2: =IF(NOT(ISNUMBER($A2)),"",Inputs!$D$17+$A2*Inputs!$E$8/SQRT(Inputs!$E$6^2+Inputs!$E$7^2+Inputs!$E$8^2)) -> 182.189 | E2: =IF(NOT(ISNUMBER($A2)),"",Inputs!$B$15+Geometry!$B$15-B2) -> -24.932661 | F2: =IF(NOT(ISNUMBER($A2)),"",Inputs!$C$15+Geometry!$B$16-C2) -> 243.76798 | G2: =IF(NOT(ISNUMBER($A2)),"",Inputs!$D$15+Geometry!$B$17-D2) -> 11.015352 | H2: =IF(NOT(ISNUMBER($A2)),"",2*(E2*Geometry!$B$18+F2*Geometry!$B$19+G2*Geometry!$B$20)) -> 11949.666 | I2: =IF(NOT(ISNUMBER($A2)),"",2*(E2*Geometry!$B$21+F2*Geometry!$B$22+G2*Geometry!$B$23)) -> 72382.831 | J2: =IF(NOT(ISNUMBER($A2)),"",Geometry!$B$24^2-(E2^2+F2^2+G2^2)-(Geometry!$B$18^2+Geometry!$B$19^2+Geometry!$B$20^2)) -> -18325.974 | K2: =IF(NOT(ISNUMBER($A2)),"",SQRT(H2^2+I2^2)) -> 73362.584 | L2: =IF(OR(NOT(ISNUMBER($A2)),K2<0.000000000001),"",MAX(-1,MIN(1,J2/K2))) -> -0.24980001 | M2: =IF(OR(NOT(ISNUMBER($A2)),K2<0.000000000001),"",IF(I2>=0,ACOS(MAX(-1,MIN(1,H2/K2))),-ACOS(MAX(-1,MIN(1,H2/K2))))) -> 1.4071823 | N2: =IF(L2="","",ACOS(L2)) -> 1.82327 | O2: =IF(M2="","",MOD(M2+Geometry!$B$47*N2+PI(),2*PI())-PI()) -> -0.41608773 | P2: =IF(NOT(ISNUMBER($A2)),"",AND(K2>=0.000000000001,ABS(J2)<=K2+0.00000001)) -> TRUE | Q2: =IF(P2=FALSE,"",IF((Geometry!$B$28*COS(O2)+Geometry!$B$32*SIN(O2)+Geometry!$B$8*Geometry!$B$30*(1-COS(O2)))>=0,1,-1)*ACOS(MAX(-1,MIN(1,(Geometry!$B$27*COS(O2)+Geometry!$B$31*SIN(O2)+Geometry!$B$7*Geometry!$B$30*(1-COS(O2)))/SQRT((Geometry!$B$27*COS(O2)+Geometry!$B$31*SIN(O2)+Geometry!$B$7*Geometry!$B$30*(1-COS(O2)))^2+(Geometry!$B$28*COS(O2)+Geometry!$B$32*SIN(O2)+Geometry!$B$8*Geometry!$B$30*(1-COS(O2)))^2))))*180/PI()) -> -23.38221 | R2: =IF(NOT(ISNUMBER($A2)),"",Inputs!$B$21+$A2*Inputs!$E$6/SQRT(Inputs!$E$6^2+Inputs!$E$7^2+Inputs!$E$8^2)) -> 919.873 | S2: =IF(NOT(ISNUMBER($A2)),"",Inputs!$C$21+$A2*Inputs!$E$7/SQRT(Inputs!$E$6^2+Inputs!$E$7^2+Inputs!$E$8^2)) -> -317.454 | T2: =IF(NOT(ISNUMBER($A2)),"",Inputs!$D$21+$A2*Inputs!$E$8/SQRT(Inputs!$E$6^2+Inputs!$E$7^2+Inputs!$E$8^2)) -> 182.189 | U2: =IF(NOT(ISNUMBER($A2)),"",Inputs!$B$19+Geometry!$C$15-R2) -> -24.932661 | V2: =IF(NOT(ISNUMBER($A2)),"",Inputs!$C$19+Geometry!$C$16-S2) -> -123.76798 | W2: =IF(NOT(ISNUMBER($A2)),"",Inputs!$D$19+Geometry!$C$17-T2) -> 11.015352 | X2: =IF(NOT(ISNUMBER($A2)),"",2*(U2*Geometry!$C$18+V2*Geometry!$C$19+W2*Geometry!$C$20)) -> 2702.7018 | Y2: =IF(NOT(ISNUMBER($A2)),"",2*(U2*Geometry!$C$21+V2*Geometry!$C$22+W2*Geometry!$C$23)) -> -38004.947 | Z2: =IF(NOT(ISNUMBER($A2)),"",Geometry!$C$24^2-(U2^2+V2^2+W2^2)-(Geometry!$C$18^2+Geometry!$C$19^2+Geometry!$C$20^2)) -> 25778.342 | AA2: =IF(NOT(ISNUMBER($A2)),"",SQRT(X2^2+Y2^2)) -> 38100.927 | AB2: =IF(OR(NOT(ISNUMBER($A2)),AA2<0.000000000001),"",MAX(-1,MIN(1,Z2/AA2))) -> 0.67658044 | AC2: =IF(OR(NOT(ISNUMBER($A2)),AA2<0.000000000001),"",IF(Y2>=0,ACOS(MAX(-1,MIN(1,X2/AA2))),-ACOS(MAX(-1,MIN(1,X2/AA2))))) -> -1.4998014 | AD2: =IF(AB2="","",ACOS(AB2)) -> 0.82768747 | AE2: =IF(AC2="","",MOD(AC2+Geometry!$C$47*AD2+PI(),2*PI())-PI()) -> -0.6721139 | AF2: =IF(NOT(ISNUMBER($A2)),"",AND(AA2>=0.000000000001,ABS(Z2)<=AA2+0.00000001)) -> TRUE | AG2: =IF(AF2=FALSE,"",IF((Geometry!$C$28*COS(AE2)+Geometry!$C$32*SIN(AE2)+Geometry!$C$8*Geometry!$C$30*(1-COS(AE2)))>=0,1,-1)*ACOS(MAX(-1,MIN(1,(Geometry!$C$27*COS(AE2)+Geometry!$C$31*SIN(AE2)+Geometry!$C$7*Geometry!$C$30*(1-COS(AE2)))/SQRT((Geometry!$C$27*COS(AE2)+Geometry!$C$31*SIN(AE2)+Geometry!$C$7*Geometry!$C$30*(1-COS(AE2)))^2+(Geometry!$C$28*COS(AE2)+Geometry!$C$32*SIN(AE2)+Geometry!$C$8*Geometry!$C$30*(1-COS(AE2)))^2))))*180/PI()) -> -38.075272
A3: =IF(Inputs!$E$9+1*Inputs!$E$11<=Inputs!$E$10,Inputs!$E$9+1*Inputs!$E$11,"") -> -59 | B3: =IF(NOT(ISNUMBER($A3)),"",Inputs!$B$17+$A3*Inputs!$E$6/SQRT(Inputs!$E$6^2+Inputs!$E$7^2+Inputs!$E$8^2)) -> 919.873 | C3: =IF(NOT(ISNUMBER($A3)),"",Inputs!$C$17+$A3*Inputs!$E$7/SQRT(Inputs!$E$6^2+Inputs!$E$7^2+Inputs!$E$8^2)) -> 198.454 | D3: =IF(NOT(ISNUMBER($A3)),"",Inputs!$D$17+$A3*Inputs!$E$8/SQRT(Inputs!$E$6^2+Inputs!$E$7^2+Inputs!$E$8^2)) -> 182.189 | E3: =IF(NOT(ISNUMBER($A3)),"",Inputs!$B$15+Geometry!$B$15-B3) -> -24.932661 | F3: =IF(NOT(ISNUMBER($A3)),"",Inputs!$C$15+Geometry!$B$16-C3) -> 242.76798 | G3: =IF(NOT(ISNUMBER($A3)),"",Inputs!$D$15+Geometry!$B$17-D3) -> 11.015352 | H3: =IF(NOT(ISNUMBER($A3)),"",2*(E3*Geometry!$B$18+F3*Geometry!$B$19+G3*Geometry!$B$20)) -> 11872.608 | I3: =IF(NOT(ISNUMBER($A3)),"",2*(E3*Geometry!$B$21+F3*Geometry!$B$22+G3*Geometry!$B$23)) -> 72096.349 | J3: =IF(NOT(ISNUMBER($A3)),"",Geometry!$B$24^2-(E3^2+F3^2+G3^2)-(Geometry!$B$18^2+Geometry!$B$19^2+Geometry!$B$20^2)) -> -17839.438 | K3: =IF(NOT(ISNUMBER($A3)),"",SQRT(H3^2+I3^2)) -> 73067.382 | L3: =IF(OR(NOT(ISNUMBER($A3)),K3<0.000000000001),"",MAX(-1,MIN(1,J3/K3))) -> -0.24415051 | M3: =IF(OR(NOT(ISNUMBER($A3)),K3<0.000000000001),"",IF(I3>=0,ACOS(MAX(-1,MIN(1,H3/K3))),-ACOS(MAX(-1,MIN(1,H3/K3))))) -> 1.4075842 | N3: =IF(L3="","",ACOS(L3)) -> 1.8174399 | O3: =IF(M3="","",MOD(M3+Geometry!$B$47*N3+PI(),2*PI())-PI()) -> -0.40985572 | P3: =IF(NOT(ISNUMBER($A3)),"",AND(K3>=0.000000000001,ABS(J3)<=K3+0.00000001)) -> TRUE | Q3: =IF(P3=FALSE,"",IF((Geometry!$B$28*COS(O3)+Geometry!$B$32*SIN(O3)+Geometry!$B$8*Geometry!$B$30*(1-COS(O3)))>=0,1,-1)*ACOS(MAX(-1,MIN(1,(Geometry!$B$27*COS(O3)+Geometry!$B$31*SIN(O3)+Geometry!$B$7*Geometry!$B$30*(1-COS(O3)))/SQRT((Geometry!$B$27*COS(O3)+Geometry!$B$31*SIN(O3)+Geometry!$B$7*Geometry!$B$30*(1-COS(O3)))^2+(Geometry!$B$28*COS(O3)+Geometry!$B$32*SIN(O3)+Geometry!$B$8*Geometry!$B$30*(1-COS(O3)))^2))))*180/PI()) -> -23.031573 | R3: =IF(NOT(ISNUMBER($A3)),"",Inputs!$B$21+$A3*Inputs!$E$6/SQRT(Inputs!$E$6^2+Inputs!$E$7^2+Inputs!$E$8^2)) -> 919.873 | S3: =IF(NOT(ISNUMBER($A3)),"",Inputs!$C$21+$A3*Inputs!$E$7/SQRT(Inputs!$E$6^2+Inputs!$E$7^2+Inputs!$E$8^2)) -> -316.454 | T3: =IF(NOT(ISNUMBER($A3)),"",Inputs!$D$21+$A3*Inputs!$E$8/SQRT(Inputs!$E$6^2+Inputs!$E$7^2+Inputs!$E$8^2)) -> 182.189 | U3: =IF(NOT(ISNUMBER($A3)),"",Inputs!$B$19+Geometry!$C$15-R3) -> -24.932661 | V3: =IF(NOT(ISNUMBER($A3)),"",Inputs!$C$19+Geometry!$C$16-S3) -> -124.76798 | W3: =IF(NOT(ISNUMBER($A3)),"",Inputs!$D$19+Geometry!$C$17-T3) -> 11.015352 | X3: =IF(NOT(ISNUMBER($A3)),"",2*(U3*Geometry!$C$18+V3*Geometry!$C$19+W3*Geometry!$C$20)) -> 2779.7598 | Y3: =IF(NOT(ISNUMBER($A3)),"",2*(U3*Geometry!$C$21+V3*Geometry!$C$22+W3*Geometry!$C$23)) -> -38291.43 | Z3: =IF(NOT(ISNUMBER($A3)),"",Geometry!$C$24^2-(U3^2+V3^2+W3^2)-(Geometry!$C$18^2+Geometry!$C$19^2+Geometry!$C$20^2)) -> 25529.806 | AA3: =IF(NOT(ISNUMBER($A3)),"",SQRT(X3^2+Y3^2)) -> 38392.195 | AB3: =IF(OR(NOT(ISNUMBER($A3)),AA3<0.000000000001),"",MAX(-1,MIN(1,Z3/AA3))) -> 0.66497385 | AC3: =IF(OR(NOT(ISNUMBER($A3)),AA3<0.000000000001),"",IF(Y3>=0,ACOS(MAX(-1,MIN(1,X3/AA3))),-ACOS(MAX(-1,MIN(1,X3/AA3))))) -> -1.4983286 | AD3: =IF(AB3="","",ACOS(AB3)) -> 0.84333752 | AE3: =IF(AC3="","",MOD(AC3+Geometry!$C$47*AD3+PI(),2*PI())-PI()) -> -0.6549911 | AF3: =IF(NOT(ISNUMBER($A3)),"",AND(AA3>=0.000000000001,ABS(Z3)<=AA3+0.00000001)) -> TRUE | AG3: =IF(AF3=FALSE,"",IF((Geometry!$C$28*COS(AE3)+Geometry!$C$32*SIN(AE3)+Geometry!$C$8*Geometry!$C$30*(1-COS(AE3)))>=0,1,-1)*ACOS(MAX(-1,MIN(1,(Geometry!$C$27*COS(AE3)+Geometry!$C$31*SIN(AE3)+Geometry!$C$7*Geometry!$C$30*(1-COS(AE3)))/SQRT((Geometry!$C$27*COS(AE3)+Geometry!$C$31*SIN(AE3)+Geometry!$C$7*Geometry!$C$30*(1-COS(AE3)))^2+(Geometry!$C$28*COS(AE3)+Geometry!$C$32*SIN(AE3)+Geometry!$C$8*Geometry!$C$30*(1-COS(AE3)))^2))))*180/PI()) -> -37.096952
A4: =IF(Inputs!$E$9+2*Inputs!$E$11<=Inputs!$E$10,Inputs!$E$9+2*Inputs!$E$11,"") -> -58 | B4: =IF(NOT(ISNUMBER($A4)),"",Inputs!$B$17+$A4*Inputs!$E$6/SQRT(Inputs!$E$6^2+Inputs!$E$7^2+Inputs!$E$8^2)) -> 919.873 | C4: =IF(NOT(ISNUMBER($A4)),"",Inputs!$C$17+$A4*Inputs!$E$7/SQRT(Inputs!$E$6^2+Inputs!$E$7^2+Inputs!$E$8^2)) -> 199.454 | D4: =IF(NOT(ISNUMBER($A4)),"",Inputs!$D$17+$A4*Inputs!$E$8/SQRT(Inputs!$E$6^2+Inputs!$E$7^2+Inputs!$E$8^2)) -> 182.189 | E4: =IF(NOT(ISNUMBER($A4)),"",Inputs!$B$15+Geometry!$B$15-B4) -> -24.932661 | F4: =IF(NOT(ISNUMBER($A4)),"",Inputs!$C$15+Geometry!$B$16-C4) -> 241.76798 | G4: =IF(NOT(ISNUMBER($A4)),"",Inputs!$D$15+Geometry!$B$17-D4) -> 11.015352 | H4: =IF(NOT(ISNUMBER($A4)),"",2*(E4*Geometry!$B$18+F4*Geometry!$B$19+G4*Geometry!$B$20)) -> 11795.549 | I4: =IF(NOT(ISNUMBER($A4)),"",2*(E4*Geometry!$B$21+F4*Geometry!$B$22+G4*Geometry!$B$23)) -> 71809.866 | J4: =IF(NOT(ISNUMBER($A4)),"",Geometry!$B$24^2-(E4^2+F4^2+G4^2)-(Geometry!$B$18^2+Geometry!$B$19^2+Geometry!$B$20^2)) -> -17354.903 | K4: =IF(NOT(ISNUMBER($A4)),"",SQRT(H4^2+I4^2)) -> 72772.192 | L4: =IF(OR(NOT(ISNUMBER($A4)),K4<0.000000000001),"",MAX(-1,MIN(1,J4/K4))) -> -0.23848261 | M4: =IF(OR(NOT(ISNUMBER($A4)),K4<0.000000000001),"",IF(I4>=0,ACOS(MAX(-1,MIN(1,H4/K4))),-ACOS(MAX(-1,MIN(1,H4/K4))))) -> 1.4079894 | N4: =IF(L4="","",ACOS(L4)) -> 1.8115994 | O4: =IF(M4="","",MOD(M4+Geometry!$B$47*N4+PI(),2*PI())-PI()) -> -0.40361005 | P4: =IF(NOT(ISNUMBER($A4)),"",AND(K4>=0.000000000001,ABS(J4)<=K4+0.00000001)) -> TRUE | Q4: =IF(P4=FALSE,"",IF((Geometry!$B$28*COS(O4)+Geometry!$B$32*SIN(O4)+Geometry!$B$8*Geometry!$B$30*(1-COS(O4)))>=0,1,-1)*ACOS(MAX(-1,MIN(1,(Geometry!$B$27*COS(O4)+Geometry!$B$31*SIN(O4)+Geometry!$B$7*Geometry!$B$30*(1-COS(O4)))/SQRT((Geometry!$B$27*COS(O4)+Geometry!$B$31*SIN(O4)+Geometry!$B$7*Geometry!$B$30*(1-COS(O4)))^2+(Geometry!$B$28*COS(O4)+Geometry!$B$32*SIN(O4)+Geometry!$B$8*Geometry!$B$30*(1-COS(O4)))^2))))*180/PI()) -> -22.680202 | R4: =IF(NOT(ISNUMBER($A4)),"",Inputs!$B$21+$A4*Inputs!$E$6/SQRT(Inputs!$E$6^2+Inputs!$E$7^2+Inputs!$E$8^2)) -> 919.873 | S4: =IF(NOT(ISNUMBER($A4)),"",Inputs!$C$21+$A4*Inputs!$E$7/SQRT(Inputs!$E$6^2+Inputs!$E$7^2+Inputs!$E$8^2)) -> -315.454 | T4: =IF(NOT(ISNUMBER($A4)),"",Inputs!$D$21+$A4*Inputs!$E$8/SQRT(Inputs!$E$6^2+Inputs!$E$7^2+Inputs!$E$8^2)) -> 182.189 | U4: =IF(NOT(ISNUMBER($A4)),"",Inputs!$B$19+Geometry!$C$15-R4) -> -24.932661 | V4: =IF(NOT(ISNUMBER($A4)),"",Inputs!$C$19+Geometry!$C$16-S4) -> -125.76798 | W4: =IF(NOT(ISNUMBER($A4)),"",Inputs!$D$19+Geometry!$C$17-T4) -> 11.015352 | X4: =IF(NOT(ISNUMBER($A4)),"",2*(U4*Geometry!$C$18+V4*Geometry!$C$19+W4*Geometry!$C$20)) -> 2856.8179 | Y4: =IF(NOT(ISNUMBER($A4)),"",2*(U4*Geometry!$C$21+V4*Geometry!$C$22+W4*Geometry!$C$23)) -> -38577.912 | Z4: =IF(NOT(ISNUMBER($A4)),"",Geometry!$C$24^2-(U4^2+V4^2+W4^2)-(Geometry!$C$18^2+Geometry!$C$19^2+Geometry!$C$20^2)) -> 25279.27 | AA4: =IF(NOT(ISNUMBER($A4)),"",SQRT(X4^2+Y4^2)) -> 38683.546 | AB4: =IF(OR(NOT(ISNUMBER($A4)),AA4<0.000000000001),"",MAX(-1,MIN(1,Z4/AA4))) -> 0.65348896 | AC4: =IF(OR(NOT(ISNUMBER($A4)),AA4<0.000000000001),"",IF(Y4>=0,ACOS(MAX(-1,MIN(1,X4/AA4))),-ACOS(MAX(-1,MIN(1,X4/AA4))))) -> -1.496878 | AD4: =IF(AB4="","",ACOS(AB4)) -> 0.85861169 | AE4: =IF(AC4="","",MOD(AC4+Geometry!$C$47*AD4+PI(),2*PI())-PI()) -> -0.63826635 | AF4: =IF(NOT(ISNUMBER($A4)),"",AND(AA4>=0.000000000001,ABS(Z4)<=AA4+0.00000001)) -> TRUE | AG4: =IF(AF4=FALSE,"",IF((Geometry!$C$28*COS(AE4)+Geometry!$C$32*SIN(AE4)+Geometry!$C$8*Geometry!$C$30*(1-COS(AE4)))>=0,1,-1)*ACOS(MAX(-1,MIN(1,(Geometry!$C$27*COS(AE4)+Geometry!$C$31*SIN(AE4)+Geometry!$C$7*Geometry!$C$30*(1-COS(AE4)))/SQRT((Geometry!$C$27*COS(AE4)+Geometry!$C$31*SIN(AE4)+Geometry!$C$7*Geometry!$C$30*(1-COS(AE4)))^2+(Geometry!$C$28*COS(AE4)+Geometry!$C$32*SIN(AE4)+Geometry!$C$8*Geometry!$C$30*(1-COS(AE4)))^2))))*180/PI()) -> -36.141795
A5: =IF(Inputs!$E$9+3*Inputs!$E$11<=Inputs!$E$10,Inputs!$E$9+3*Inputs!$E$11,"") -> -57 | B5: =IF(NOT(ISNUMBER($A5)),"",Inputs!$B$17+$A5*Inputs!$E$6/SQRT(Inputs!$E$6^2+Inputs!$E$7^2+Inputs!$E$8^2)) -> 919.873 | C5: =IF(NOT(ISNUMBER($A5)),"",Inputs!$C$17+$A5*Inputs!$E$7/SQRT(Inputs!$E$6^2+Inputs!$E$7^2+Inputs!$E$8^2)) -> 200.454 | D5: =IF(NOT(ISNUMBER($A5)),"",Inputs!$D$17+$A5*Inputs!$E$8/SQRT(Inputs!$E$6^2+Inputs!$E$7^2+Inputs!$E$8^2)) -> 182.189 | E5: =IF(NOT(ISNUMBER($A5)),"",Inputs!$B$15+Geometry!$B$15-B5) -> -24.932661 | F5: =IF(NOT(ISNUMBER($A5)),"",Inputs!$C$15+Geometry!$B$16-C5) -> 240.76798 | G5: =IF(NOT(ISNUMBER($A5)),"",Inputs!$D$15+Geometry!$B$17-D5) -> 11.015352 | H5: =IF(NOT(ISNUMBER($A5)),"",2*(E5*Geometry!$B$18+F5*Geometry!$B$19+G5*Geometry!$B$20)) -> 11718.491 | I5: =IF(NOT(ISNUMBER($A5)),"",2*(E5*Geometry!$B$21+F5*Geometry!$B$22+G5*Geometry!$B$23)) -> 71523.384 | J5: =IF(NOT(ISNUMBER($A5)),"",Geometry!$B$24^2-(E5^2+F5^2+G5^2)-(Geometry!$B$18^2+Geometry!$B$19^2+Geometry!$B$20^2)) -> -16872.367 | K5: =IF(NOT(ISNUMBER($A5)),"",SQRT(H5^2+I5^2)) -> 72477.014 | L5: =IF(OR(NOT(ISNUMBER($A5)),K5<0.000000000001),"",MAX(-1,MIN(1,J5/K5))) -> -0.23279611 | M5: =IF(OR(NOT(ISNUMBER($A5)),K5<0.000000000001),"",IF(I5>=0,ACOS(MAX(-1,MIN(1,H5/K5))),-ACOS(MAX(-1,MIN(1,H5/K5))))) -> 1.4083978 | N5: =IF(L5="","",ACOS(L5)) -> 1.8057481 | O5: =IF(M5="","",MOD(M5+Geometry!$B$47*N5+PI(),2*PI())-PI()) -> -0.39735031 | P5: =IF(NOT(ISNUMBER($A5)),"",AND(K5>=0.000000000001,ABS(J5)<=K5+0.00000001)) -> TRUE | Q5: =IF(P5=FALSE,"",IF((Geometry!$B$28*COS(O5)+Geometry!$B$32*SIN(O5)+Geometry!$B$8*Geometry!$B$30*(1-COS(O5)))>=0,1,-1)*ACOS(MAX(-1,MIN(1,(Geometry!$B$27*COS(O5)+Geometry!$B$31*SIN(O5)+Geometry!$B$7*Geometry!$B$30*(1-COS(O5)))/SQRT((Geometry!$B$27*COS(O5)+Geometry!$B$31*SIN(O5)+Geometry!$B$7*Geometry!$B$30*(1-COS(O5)))^2+(Geometry!$B$28*COS(O5)+Geometry!$B$32*SIN(O5)+Geometry!$B$8*Geometry!$B$30*(1-COS(O5)))^2))))*180/PI()) -> -22.328072 | R5: =IF(NOT(ISNUMBER($A5)),"",Inputs!$B$21+$A5*Inputs!$E$6/SQRT(Inputs!$E$6^2+Inputs!$E$7^2+Inputs!$E$8^2)) -> 919.873 | S5: =IF(NOT(ISNUMBER($A5)),"",Inputs!$C$21+$A5*Inputs!$E$7/SQRT(Inputs!$E$6^2+Inputs!$E$7^2+Inputs!$E$8^2)) -> -314.454 | T5: =IF(NOT(ISNUMBER($A5)),"",Inputs!$D$21+$A5*Inputs!$E$8/SQRT(Inputs!$E$6^2+Inputs!$E$7^2+Inputs!$E$8^2)) -> 182.189 | U5: =IF(NOT(ISNUMBER($A5)),"",Inputs!$B$19+Geometry!$C$15-R5) -> -24.932661 | V5: =IF(NOT(ISNUMBER($A5)),"",Inputs!$C$19+Geometry!$C$16-S5) -> -126.76798 | W5: =IF(NOT(ISNUMBER($A5)),"",Inputs!$D$19+Geometry!$C$17-T5) -> 11.015352 | X5: =IF(NOT(ISNUMBER($A5)),"",2*(U5*Geometry!$C$18+V5*Geometry!$C$19+W5*Geometry!$C$20)) -> 2933.8759 | Y5: =IF(NOT(ISNUMBER($A5)),"",2*(U5*Geometry!$C$21+V5*Geometry!$C$22+W5*Geometry!$C$23)) -> -38864.394 | Z5: =IF(NOT(ISNUMBER($A5)),"",Geometry!$C$24^2-(U5^2+V5^2+W5^2)-(Geometry!$C$18^2+Geometry!$C$19^2+Geometry!$C$20^2)) -> 25026.734 | AA5: =IF(NOT(ISNUMBER($A5)),"",SQRT(X5^2+Y5^2)) -> 38974.976 | AB5: =IF(OR(NOT(ISNUMBER($A5)),AA5<0.000000000001),"",MAX(-1,MIN(1,Z5/AA5))) -> 0.64212313 | AC5: =IF(OR(NOT(ISNUMBER($A5)),AA5<0.000000000001),"",IF(Y5>=0,ACOS(MAX(-1,MIN(1,X5/AA5))),-ACOS(MAX(-1,MIN(1,X5/AA5))))) -> -1.4954492 | AD5: =IF(AB5="","",ACOS(AB5)) -> 0.87353172 | AE5: =IF(AC5="","",MOD(AC5+Geometry!$C$47*AD5+PI(),2*PI())-PI()) -> -0.62191744 | AF5: =IF(NOT(ISNUMBER($A5)),"",AND(AA5>=0.000000000001,ABS(Z5)<=AA5+0.00000001)) -> TRUE | AG5: =IF(AF5=FALSE,"",IF((Geometry!$C$28*COS(AE5)+Geometry!$C$32*SIN(AE5)+Geometry!$C$8*Geometry!$C$30*(1-COS(AE5)))>=0,1,-1)*ACOS(MAX(-1,MIN(1,(Geometry!$C$27*COS(AE5)+Geometry!$C$31*SIN(AE5)+Geometry!$C$7*Geometry!$C$30*(1-COS(AE5)))/SQRT((Geometry!$C$27*COS(AE5)+Geometry!$C$31*SIN(AE5)+Geometry!$C$7*Geometry!$C$30*(1-COS(AE5)))^2+(Geometry!$C$28*COS(AE5)+Geometry!$C$32*SIN(AE5)+Geometry!$C$8*Geometry!$C$30*(1-COS(AE5)))^2))))*180/PI()) -> -35.208508
A6: =IF(Inputs!$E$9+4*Inputs!$E$11<=Inputs!$E$10,Inputs!$E$9+4*Inputs!$E$11,"") -> -56 | B6: =IF(NOT(ISNUMBER($A6)),"",Inputs!$B$17+$A6*Inputs!$E$6/SQRT(Inputs!$E$6^2+Inputs!$E$7^2+Inputs!$E$8^2)) -> 919.873 | C6: =IF(NOT(ISNUMBER($A6)),"",Inputs!$C$17+$A6*Inputs!$E$7/SQRT(Inputs!$E$6^2+Inputs!$E$7^2+Inputs!$E$8^2)) -> 201.454 | D6: =IF(NOT(ISNUMBER($A6)),"",Inputs!$D$17+$A6*Inputs!$E$8/SQRT(Inputs!$E$6^2+Inputs!$E$7^2+Inputs!$E$8^2)) -> 182.189 | E6: =IF(NOT(ISNUMBER($A6)),"",Inputs!$B$15+Geometry!$B$15-B6) -> -24.932661 | F6: =IF(NOT(ISNUMBER($A6)),"",Inputs!$C$15+Geometry!$B$16-C6) -> 239.76798 | G6: =IF(NOT(ISNUMBER($A6)),"",Inputs!$D$15+Geometry!$B$17-D6) -> 11.015352 | H6: =IF(NOT(ISNUMBER($A6)),"",2*(E6*Geometry!$B$18+F6*Geometry!$B$19+G6*Geometry!$B$20)) -> 11641.433 | I6: =IF(NOT(ISNUMBER($A6)),"",2*(E6*Geometry!$B$21+F6*Geometry!$B$22+G6*Geometry!$B$23)) -> 71236.902 | J6: =IF(NOT(ISNUMBER($A6)),"",Geometry!$B$24^2-(E6^2+F6^2+G6^2)-(Geometry!$B$18^2+Geometry!$B$19^2+Geometry!$B$20^2)) -> -16391.831 | K6: =IF(NOT(ISNUMBER($A6)),"",SQRT(H6^2+I6^2)) -> 72181.848 | L6: =IF(OR(NOT(ISNUMBER($A6)),K6<0.000000000001),"",MAX(-1,MIN(1,J6/K6))) -> -0.22709076 | M6: =IF(OR(NOT(ISNUMBER($A6)),K6<0.000000000001),"",IF(I6>=0,ACOS(MAX(-1,MIN(1,H6/K6))),-ACOS(MAX(-1,MIN(1,H6/K6))))) -> 1.4088096 | N6: =IF(L6="","",ACOS(L6)) -> 1.7998857 | O6: =IF(M6="","",MOD(M6+Geometry!$B$47*N6+PI(),2*PI())-PI()) -> -0.39107607 | P6: =IF(NOT(ISNUMBER($A6)),"",AND(K6>=0.000000000001,ABS(J6)<=K6+0.00000001)) -> TRUE | Q6: =IF(P6=FALSE,"",IF((Geometry!$B$28*COS(O6)+Geometry!$B$32*SIN(O6)+Geometry!$B$8*Geometry!$B$30*(1-COS(O6)))>=0,1,-1)*ACOS(MAX(-1,MIN(1,(Geometry!$B$27*COS(O6)+Geometry!$B$31*SIN(O6)+Geometry!$B$7*Geometry!$B$30*(1-COS(O6)))/SQRT((Geometry!$B$27*COS(O6)+Geometry!$B$31*SIN(O6)+Geometry!$B$7*Geometry!$B$30*(1-COS(O6)))^2+(Geometry!$B$28*COS(O6)+Geometry!$B$32*SIN(O6)+Geometry!$B$8*Geometry!$B$30*(1-COS(O6)))^2))))*180/PI()) -> -21.97516 | R6: =IF(NOT(ISNUMBER($A6)),"",Inputs!$B$21+$A6*Inputs!$E$6/SQRT(Inputs!$E$6^2+Inputs!$E$7^2+Inputs!$E$8^2)) -> 919.873 | S6: =IF(NOT(ISNUMBER($A6)),"",Inputs!$C$21+$A6*Inputs!$E$7/SQRT(Inputs!$E$6^2+Inputs!$E$7^2+Inputs!$E$8^2)) -> -313.454 | T6: =IF(NOT(ISNUMBER($A6)),"",Inputs!$D$21+$A6*Inputs!$E$8/SQRT(Inputs!$E$6^2+Inputs!$E$7^2+Inputs!$E$8^2)) -> 182.189 | U6: =IF(NOT(ISNUMBER($A6)),"",Inputs!$B$19+Geometry!$C$15-R6) -> -24.932661 | V6: =IF(NOT(ISNUMBER($A6)),"",Inputs!$C$19+Geometry!$C$16-S6) -> -127.76798 | W6: =IF(NOT(ISNUMBER($A6)),"",Inputs!$D$19+Geometry!$C$17-T6) -> 11.015352 | X6: =IF(NOT(ISNUMBER($A6)),"",2*(U6*Geometry!$C$18+V6*Geometry!$C$19+W6*Geometry!$C$20)) -> 3010.9339 | Y6: =IF(NOT(ISNUMBER($A6)),"",2*(U6*Geometry!$C$21+V6*Geometry!$C$22+W6*Geometry!$C$23)) -> -39150.877 | Z6: =IF(NOT(ISNUMBER($A6)),"",Geometry!$C$24^2-(U6^2+V6^2+W6^2)-(Geometry!$C$18^2+Geometry!$C$19^2+Geometry!$C$20^2)) -> 24772.198 | AA6: =IF(NOT(ISNUMBER($A6)),"",SQRT(X6^2+Y6^2)) -> 39266.485 | AB6: =IF(OR(NOT(ISNUMBER($A6)),AA6<0.000000000001),"",MAX(-1,MIN(1,Z6/AA6))) -> 0.63087383 | AC6: =IF(OR(NOT(ISNUMBER($A6)),AA6<0.000000000001),"",IF(Y6>=0,ACOS(MAX(-1,MIN(1,X6/AA6))),-ACOS(MAX(-1,MIN(1,X6/AA6))))) -> -1.4940415 | AD6: =IF(AB6="","",ACOS(AB6)) -> 0.8881174 | AE6: =IF(AC6="","",MOD(AC6+Geometry!$C$47*AD6+PI(),2*PI())-PI()) -> -0.6059241 | AF6: =IF(NOT(ISNUMBER($A6)),"",AND(AA6>=0.000000000001,ABS(Z6)<=AA6+0.00000001)) -> TRUE | AG6: =IF(AF6=FALSE,"",IF((Geometry!$C$28*COS(AE6)+Geometry!$C$32*SIN(AE6)+Geometry!$C$8*Geometry!$C$30*(1-COS(AE6)))>=0,1,-1)*ACOS(MAX(-1,MIN(1,(Geometry!$C$27*COS(AE6)+Geometry!$C$31*SIN(AE6)+Geometry!$C$7*Geometry!$C$30*(1-COS(AE6)))/SQRT((Geometry!$C$27*COS(AE6)+Geometry!$C$31*SIN(AE6)+Geometry!$C$7*Geometry!$C$30*(1-COS(AE6)))^2+(Geometry!$C$28*COS(AE6)+Geometry!$C$32*SIN(AE6)+Geometry!$C$8*Geometry!$C$30*(1-COS(AE6)))^2))))*180/PI()) -> -34.295911
A7: =IF(Inputs!$E$9+5*Inputs!$E$11<=Inputs!$E$10,Inputs!$E$9+5*Inputs!$E$11,"") -> -55 | B7: =IF(NOT(ISNUMBER($A7)),"",Inputs!$B$17+$A7*Inputs!$E$6/SQRT(Inputs!$E$6^2+Inputs!$E$7^2+Inputs!$E$8^2)) -> 919.873 | C7: =IF(NOT(ISNUMBER($A7)),"",Inputs!$C$17+$A7*Inputs!$E$7/SQRT(Inputs!$E$6^2+Inputs!$E$7^2+Inputs!$E$8^2)) -> 202.454 | D7: =IF(NOT(ISNUMBER($A7)),"",Inputs!$D$17+$A7*Inputs!$E$8/SQRT(Inputs!$E$6^2+Inputs!$E$7^2+Inputs!$E$8^2)) -> 182.189 | E7: =IF(NOT(ISNUMBER($A7)),"",Inputs!$B$15+Geometry!$B$15-B7) -> -24.932661 | F7: =IF(NOT(ISNUMBER($A7)),"",Inputs!$C$15+Geometry!$B$16-C7) -> 238.76798 | G7: =IF(NOT(ISNUMBER($A7)),"",Inputs!$D$15+Geometry!$B$17-D7) -> 11.015352 | H7: =IF(NOT(ISNUMBER($A7)),"",2*(E7*Geometry!$B$18+F7*Geometry!$B$19+G7*Geometry!$B$20)) -> 11564.375 | I7: =IF(NOT(ISNUMBER($A7)),"",2*(E7*Geometry!$B$21+F7*Geometry!$B$22+G7*Geometry!$B$23)) -> 70950.419 | J7: =IF(NOT(ISNUMBER($A7)),"",Geometry!$B$24^2-(E7^2+F7^2+G7^2)-(Geometry!$B$18^2+Geometry!$B$19^2+Geometry!$B$20^2)) -> -15913.295 | K7: =IF(NOT(ISNUMBER($A7)),"",SQRT(H7^2+I7^2)) -> 71886.694 | L7: =IF(OR(NOT(ISNUMBER($A7)),K7<0.000000000001),"",MAX(-1,MIN(1,J7/K7))) -> -0.22136634 | M7: =IF(OR(NOT(ISNUMBER($A7)),K7<0.000000000001),"",IF(I7>=0,ACOS(MAX(-1,MIN(1,H7/K7))),-ACOS(MAX(-1,MIN(1,H7/K7))))) -> 1.4092248 | N7: =IF(L7="","",ACOS(L7)) -> 1.7940117 | O7: =IF(M7="","",MOD(M7+Geometry!$B$47*N7+PI(),2*PI())-PI()) -> -0.3847869 | P7: =IF(NOT(ISNUMBER($A7)),"",AND(K7>=0.000000000001,ABS(J7)<=K7+0.00000001)) -> TRUE | Q7: =IF(P7=FALSE,"",IF((Geometry!$B$28*COS(O7)+Geometry!$B$32*SIN(O7)+Geometry!$B$8*Geometry!$B$30*(1-COS(O7)))>=0,1,-1)*ACOS(MAX(-1,MIN(1,(Geometry!$B$27*COS(O7)+Geometry!$B$31*SIN(O7)+Geometry!$B$7*Geometry!$B$30*(1-COS(O7)))/SQRT((Geometry!$B$27*COS(O7)+Geometry!$B$31*SIN(O7)+Geometry!$B$7*Geometry!$B$30*(1-COS(O7)))^2+(Geometry!$B$28*COS(O7)+Geometry!$B$32*SIN(O7)+Geometry!$B$8*Geometry!$B$30*(1-COS(O7)))^2))))*180/PI()) -> -21.621439 | R7: =IF(NOT(ISNUMBER($A7)),"",Inputs!$B$21+$A7*Inputs!$E$6/SQRT(Inputs!$E$6^2+Inputs!$E$7^2+Inputs!$E$8^2)) -> 919.873 | S7: =IF(NOT(ISNUMBER($A7)),"",Inputs!$C$21+$A7*Inputs!$E$7/SQRT(Inputs!$E$6^2+Inputs!$E$7^2+Inputs!$E$8^2)) -> -312.454 | T7: =IF(NOT(ISNUMBER($A7)),"",Inputs!$D$21+$A7*Inputs!$E$8/SQRT(Inputs!$E$6^2+Inputs!$E$7^2+Inputs!$E$8^2)) -> 182.189 | U7: =IF(NOT(ISNUMBER($A7)),"",Inputs!$B$19+Geometry!$C$15-R7) -> -24.932661 | V7: =IF(NOT(ISNUMBER($A7)),"",Inputs!$C$19+Geometry!$C$16-S7) -> -128.76798 | W7: =IF(NOT(ISNUMBER($A7)),"",Inputs!$D$19+Geometry!$C$17-T7) -> 11.015352 | X7: =IF(NOT(ISNUMBER($A7)),"",2*(U7*Geometry!$C$18+V7*Geometry!$C$19+W7*Geometry!$C$20)) -> 3087.992 | Y7: =IF(NOT(ISNUMBER($A7)),"",2*(U7*Geometry!$C$21+V7*Geometry!$C$22+W7*Geometry!$C$23)) -> -39437.359 | Z7: =IF(NOT(ISNUMBER($A7)),"",Geometry!$C$24^2-(U7^2+V7^2+W7^2)-(Geometry!$C$18^2+Geometry!$C$19^2+Geometry!$C$20^2)) -> 24515.662 | AA7: =IF(NOT(ISNUMBER($A7)),"",SQRT(X7^2+Y7^2)) -> 39558.071 | AB7: =IF(OR(NOT(ISNUMBER($A7)),AA7<0.000000000001),"",MAX(-1,MIN(1,Z7/AA7))) -> 0.61973856 | AC7: =IF(OR(NOT(ISNUMBER($A7)),AA7<0.000000000001),"",IF(Y7>=0,ACOS(MAX(-1,MIN(1,X7/AA7))),-ACOS(MAX(-1,MIN(1,X7/AA7))))) -> -1.4926546 | AD7: =IF(AB7="","",ACOS(AB7)) -> 0.90238679 | AE7: =IF(AC7="","",MOD(AC7+Geometry!$C$47*AD7+PI(),2*PI())-PI()) -> -0.59026778 | AF7: =IF(NOT(ISNUMBER($A7)),"",AND(AA7>=0.000000000001,ABS(Z7)<=AA7+0.00000001)) -> TRUE | AG7: =IF(AF7=FALSE,"",IF((Geometry!$C$28*COS(AE7)+Geometry!$C$32*SIN(AE7)+Geometry!$C$8*Geometry!$C$30*(1-COS(AE7)))>=0,1,-1)*ACOS(MAX(-1,MIN(1,(Geometry!$C$27*COS(AE7)+Geometry!$C$31*SIN(AE7)+Geometry!$C$7*Geometry!$C$30*(1-COS(AE7)))/SQRT((Geometry!$C$27*COS(AE7)+Geometry!$C$31*SIN(AE7)+Geometry!$C$7*Geometry!$C$30*(1-COS(AE7)))^2+(Geometry!$C$28*COS(AE7)+Geometry!$C$32*SIN(AE7)+Geometry!$C$8*Geometry!$C$30*(1-COS(AE7)))^2))))*180/PI()) -> -33.402925
A8: =IF(Inputs!$E$9+6*Inputs!$E$11<=Inputs!$E$10,Inputs!$E$9+6*Inputs!$E$11,"") -> -54 | B8: =IF(NOT(ISNUMBER($A8)),"",Inputs!$B$17+$A8*Inputs!$E$6/SQRT(Inputs!$E$6^2+Inputs!$E$7^2+Inputs!$E$8^2)) -> 919.873 | C8: =IF(NOT(ISNUMBER($A8)),"",Inputs!$C$17+$A8*Inputs!$E$7/SQRT(Inputs!$E$6^2+Inputs!$E$7^2+Inputs!$E$8^2)) -> 203.454 | D8: =IF(NOT(ISNUMBER($A8)),"",Inputs!$D$17+$A8*Inputs!$E$8/SQRT(Inputs!$E$6^2+Inputs!$E$7^2+Inputs!$E$8^2)) -> 182.189 | E8: =IF(NOT(ISNUMBER($A8)),"",Inputs!$B$15+Geometry!$B$15-B8) -> -24.932661 | F8: =IF(NOT(ISNUMBER($A8)),"",Inputs!$C$15+Geometry!$B$16-C8) -> 237.76798 | G8: =IF(NOT(ISNUMBER($A8)),"",Inputs!$D$15+Geometry!$B$17-D8) -> 11.015352 | H8: =IF(NOT(ISNUMBER($A8)),"",2*(E8*Geometry!$B$18+F8*Geometry!$B$19+G8*Geometry!$B$20)) -> 11487.317 | I8: =IF(NOT(ISNUMBER($A8)),"",2*(E8*Geometry!$B$21+F8*Geometry!$B$22+G8*Geometry!$B$23)) -> 70663.937 | J8: =IF(NOT(ISNUMBER($A8)),"",Geometry!$B$24^2-(E8^2+F8^2+G8^2)-(Geometry!$B$18^2+Geometry!$B$19^2+Geometry!$B$20^2)) -> -15436.759 | K8: =IF(NOT(ISNUMBER($A8)),"",SQRT(H8^2+I8^2)) -> 71591.553 | L8: =IF(OR(NOT(ISNUMBER($A8)),K8<0.000000000001),"",MAX(-1,MIN(1,J8/K8))) -> -0.21562263 | M8: =IF(OR(NOT(ISNUMBER($A8)),K8<0.000000000001),"",IF(I8>=0,ACOS(MAX(-1,MIN(1,H8/K8))),-ACOS(MAX(-1,MIN(1,H8/K8))))) -> 1.4096434 | N8: =IF(L8="","",ACOS(L8)) -> 1.7881257 | O8: =IF(M8="","",MOD(M8+Geometry!$B$47*N8+PI(),2*PI())-PI()) -> -0.37848236 | P8: =IF(NOT(ISNUMBER($A8)),"",AND(K8>=0.000000000001,ABS(J8)<=K8+0.00000001)) -> TRUE | Q8: =IF(P8=FALSE,"",IF((Geometry!$B$28*COS(O8)+Geometry!$B$32*SIN(O8)+Geometry!$B$8*Geometry!$B$30*(1-COS(O8)))>=0,1,-1)*ACOS(MAX(-1,MIN(1,(Geometry!$B$27*COS(O8)+Geometry!$B$31*SIN(O8)+Geometry!$B$7*Geometry!$B$30*(1-COS(O8)))/SQRT((Geometry!$B$27*COS(O8)+Geometry!$B$31*SIN(O8)+Geometry!$B$7*Geometry!$B$30*(1-COS(O8)))^2+(Geometry!$B$28*COS(O8)+Geometry!$B$32*SIN(O8)+Geometry!$B$8*Geometry!$B$30*(1-COS(O8)))^2))))*180/PI()) -> -21.266885 | R8: =IF(NOT(ISNUMBER($A8)),"",Inputs!$B$21+$A8*Inputs!$E$6/SQRT(Inputs!$E$6^2+Inputs!$E$7^2+Inputs!$E$8^2)) -> 919.873 | S8: =IF(NOT(ISNUMBER($A8)),"",Inputs!$C$21+$A8*Inputs!$E$7/SQRT(Inputs!$E$6^2+Inputs!$E$7^2+Inputs!$E$8^2)) -> -311.454 | T8: =IF(NOT(ISNUMBER($A8)),"",Inputs!$D$21+$A8*Inputs!$E$8/SQRT(Inputs!$E$6^2+Inputs!$E$7^2+Inputs!$E$8^2)) -> 182.189 | U8: =IF(NOT(ISNUMBER($A8)),"",Inputs!$B$19+Geometry!$C$15-R8) -> -24.932661 | V8: =IF(NOT(ISNUMBER($A8)),"",Inputs!$C$19+Geometry!$C$16-S8) -> -129.76798 | W8: =IF(NOT(ISNUMBER($A8)),"",Inputs!$D$19+Geometry!$C$17-T8) -> 11.015352 | X8: =IF(NOT(ISNUMBER($A8)),"",2*(U8*Geometry!$C$18+V8*Geometry!$C$19+W8*Geometry!$C$20)) -> 3165.05 | Y8: =IF(NOT(ISNUMBER($A8)),"",2*(U8*Geometry!$C$21+V8*Geometry!$C$22+W8*Geometry!$C$23)) -> -39723.841 | Z8: =IF(NOT(ISNUMBER($A8)),"",Geometry!$C$24^2-(U8^2+V8^2+W8^2)-(Geometry!$C$18^2+Geometry!$C$19^2+Geometry!$C$20^2)) -> 24257.126 | AA8: =IF(NOT(ISNUMBER($A8)),"",SQRT(X8^2+Y8^2)) -> 39849.732 | AB8: =IF(OR(NOT(ISNUMBER($A8)),AA8<0.000000000001),"",MAX(-1,MIN(1,Z8/AA8))) -> 0.60871491 | AC8: =IF(OR(NOT(ISNUMBER($A8)),AA8<0.000000000001),"",IF(Y8>=0,ACOS(MAX(-1,MIN(1,X8/AA8))),-ACOS(MAX(-1,MIN(1,X8/AA8))))) -> -1.491288 | AD8: =IF(AB8="","",ACOS(AB8)) -> 0.91635649 | AE8: =IF(AC8="","",MOD(AC8+Geometry!$C$47*AD8+PI(),2*PI())-PI()) -> -0.57493147 | AF8: =IF(NOT(ISNUMBER($A8)),"",AND(AA8>=0.000000000001,ABS(Z8)<=AA8+0.00000001)) -> TRUE | AG8: =IF(AF8=FALSE,"",IF((Geometry!$C$28*COS(AE8)+Geometry!$C$32*SIN(AE8)+Geometry!$C$8*Geometry!$C$30*(1-COS(AE8)))>=0,1,-1)*ACOS(MAX(-1,MIN(1,(Geometry!$C$27*COS(AE8)+Geometry!$C$31*SIN(AE8)+Geometry!$C$7*Geometry!$C$30*(1-COS(AE8)))/SQRT((Geometry!$C$27*COS(AE8)+Geometry!$C$31*SIN(AE8)+Geometry!$C$7*Geometry!$C$30*(1-COS(AE8)))^2+(Geometry!$C$28*COS(AE8)+Geometry!$C$32*SIN(AE8)+Geometry!$C$8*Geometry!$C$30*(1-COS(AE8)))^2))))*180/PI()) -> -32.528558
A9: =IF(Inputs!$E$9+7*Inputs!$E$11<=Inputs!$E$10,Inputs!$E$9+7*Inputs!$E$11,"") -> -53 | B9: =IF(NOT(ISNUMBER($A9)),"",Inputs!$B$17+$A9*Inputs!$E$6/SQRT(Inputs!$E$6^2+Inputs!$E$7^2+Inputs!$E$8^2)) -> 919.873 | C9: =IF(NOT(ISNUMBER($A9)),"",Inputs!$C$17+$A9*Inputs!$E$7/SQRT(Inputs!$E$6^2+Inputs!$E$7^2+Inputs!$E$8^2)) -> 204.454 | D9: =IF(NOT(ISNUMBER($A9)),"",Inputs!$D$17+$A9*Inputs!$E$8/SQRT(Inputs!$E$6^2+Inputs!$E$7^2+Inputs!$E$8^2)) -> 182.189 | E9: =IF(NOT(ISNUMBER($A9)),"",Inputs!$B$15+Geometry!$B$15-B9) -> -24.932661 | F9: =IF(NOT(ISNUMBER($A9)),"",Inputs!$C$15+Geometry!$B$16-C9) -> 236.76798 | G9: =IF(NOT(ISNUMBER($A9)),"",Inputs!$D$15+Geometry!$B$17-D9) -> 11.015352 | H9: =IF(NOT(ISNUMBER($A9)),"",2*(E9*Geometry!$B$18+F9*Geometry!$B$19+G9*Geometry!$B$20)) -> 11410.259 | I9: =IF(NOT(ISNUMBER($A9)),"",2*(E9*Geometry!$B$21+F9*Geometry!$B$22+G9*Geometry!$B$23)) -> 70377.454 | J9: =IF(NOT(ISNUMBER($A9)),"",Geometry!$B$24^2-(E9^2+F9^2+G9^2)-(Geometry!$B$18^2+Geometry!$B$19^2+Geometry!$B$20^2)) -> -14962.223 | K9: =IF(NOT(ISNUMBER($A9)),"",SQRT(H9^2+I9^2)) -> 71296.424 | L9: =IF(OR(NOT(ISNUMBER($A9)),K9<0.000000000001),"",MAX(-1,MIN(1,J9/K9))) -> -0.20985937 | M9: =IF(OR(NOT(ISNUMBER($A9)),K9<0.000000000001),"",IF(I9>=0,ACOS(MAX(-1,MIN(1,H9/K9))),-ACOS(MAX(-1,MIN(1,H9/K9))))) -> 1.4100654 | N9: =IF(L9="","",ACOS(L9)) -> 1.7822275 | O9: =IF(M9="","",MOD(M9+Geometry!$B$47*N9+PI(),2*PI())-PI()) -> -0.37216201 | P9: =IF(NOT(ISNUMBER($A9)),"",AND(K9>=0.000000000001,ABS(J9)<=K9+0.00000001)) -> TRUE | Q9: =IF(P9=FALSE,"",IF((Geometry!$B$28*COS(O9)+Geometry!$B$32*SIN(O9)+Geometry!$B$8*Geometry!$B$30*(1-COS(O9)))>=0,1,-1)*ACOS(MAX(-1,MIN(1,(Geometry!$B$27*COS(O9)+Geometry!$B$31*SIN(O9)+Geometry!$B$7*Geometry!$B$30*(1-COS(O9)))/SQRT((Geometry!$B$27*COS(O9)+Geometry!$B$31*SIN(O9)+Geometry!$B$7*Geometry!$B$30*(1-COS(O9)))^2+(Geometry!$B$28*COS(O9)+Geometry!$B$32*SIN(O9)+Geometry!$B$8*Geometry!$B$30*(1-COS(O9)))^2))))*180/PI()) -> -20.911473 | R9: =IF(NOT(ISNUMBER($A9)),"",Inputs!$B$21+$A9*Inputs!$E$6/SQRT(Inputs!$E$6^2+Inputs!$E$7^2+Inputs!$E$8^2)) -> 919.873 | S9: =IF(NOT(ISNUMBER($A9)),"",Inputs!$C$21+$A9*Inputs!$E$7/SQRT(Inputs!$E$6^2+Inputs!$E$7^2+Inputs!$E$8^2)) -> -310.454 | T9: =IF(NOT(ISNUMBER($A9)),"",Inputs!$D$21+$A9*Inputs!$E$8/SQRT(Inputs!$E$6^2+Inputs!$E$7^2+Inputs!$E$8^2)) -> 182.189 | U9: =IF(NOT(ISNUMBER($A9)),"",Inputs!$B$19+Geometry!$C$15-R9) -> -24.932661 | V9: =IF(NOT(ISNUMBER($A9)),"",Inputs!$C$19+Geometry!$C$16-S9) -> -130.76798 | W9: =IF(NOT(ISNUMBER($A9)),"",Inputs!$D$19+Geometry!$C$17-T9) -> 11.015352 | X9: =IF(NOT(ISNUMBER($A9)),"",2*(U9*Geometry!$C$18+V9*Geometry!$C$19+W9*Geometry!$C$20)) -> 3242.108 | Y9: =IF(NOT(ISNUMBER($A9)),"",2*(U9*Geometry!$C$21+V9*Geometry!$C$22+W9*Geometry!$C$23)) -> -40010.324 | Z9: =IF(NOT(ISNUMBER($A9)),"",Geometry!$C$24^2-(U9^2+V9^2+W9^2)-(Geometry!$C$18^2+Geometry!$C$19^2+Geometry!$C$20^2)) -> 23996.59 | AA9: =IF(NOT(ISNUMBER($A9)),"",SQRT(X9^2+Y9^2)) -> 40141.466 | AB9: =IF(OR(NOT(ISNUMBER($A9)),AA9<0.000000000001),"",MAX(-1,MIN(1,Z9/AA9))) -> 0.59780054 | AC9: =IF(OR(NOT(ISNUMBER($A9)),AA9<0.000000000001),"",IF(Y9>=0,ACOS(MAX(-1,MIN(1,X9/AA9))),-ACOS(MAX(-1,MIN(1,X9/AA9))))) -> -1.4899412 | AD9: =IF(AB9="","",ACOS(AB9)) -> 0.93004171 | AE9: =IF(AC9="","",MOD(AC9+Geometry!$C$47*AD9+PI(),2*PI())-PI()) -> -0.55989949 | AF9: =IF(NOT(ISNUMBER($A9)),"",AND(AA9>=0.000000000001,ABS(Z9)<=AA9+0.00000001)) -> TRUE | AG9: =IF(AF9=FALSE,"",IF((Geometry!$C$28*COS(AE9)+Geometry!$C$32*SIN(AE9)+Geometry!$C$8*Geometry!$C$30*(1-COS(AE9)))>=0,1,-1)*ACOS(MAX(-1,MIN(1,(Geometry!$C$27*COS(AE9)+Geometry!$C$31*SIN(AE9)+Geometry!$C$7*Geometry!$C$30*(1-COS(AE9)))/SQRT((Geometry!$C$27*COS(AE9)+Geometry!$C$31*SIN(AE9)+Geometry!$C$7*Geometry!$C$30*(1-COS(AE9)))^2+(Geometry!$C$28*COS(AE9)+Geometry!$C$32*SIN(AE9)+Geometry!$C$8*Geometry!$C$30*(1-COS(AE9)))^2))))*180/PI()) -> -31.671897
A10: =IF(Inputs!$E$9+8*Inputs!$E$11<=Inputs!$E$10,Inputs!$E$9+8*Inputs!$E$11,"") -> -52 | B10: =IF(NOT(ISNUMBER($A10)),"",Inputs!$B$17+$A10*Inputs!$E$6/SQRT(Inputs!$E$6^2+Inputs!$E$7^2+Inputs!$E$8^2)) -> 919.873 | C10: =IF(NOT(ISNUMBER($A10)),"",Inputs!$C$17+$A10*Inputs!$E$7/SQRT(Inputs!$E$6^2+Inputs!$E$7^2+Inputs!$E$8^2)) -> 205.454 | D10: =IF(NOT(ISNUMBER($A10)),"",Inputs!$D$17+$A10*Inputs!$E$8/SQRT(Inputs!$E$6^2+Inputs!$E$7^2+Inputs!$E$8^2)) -> 182.189 | E10: =IF(NOT(ISNUMBER($A10)),"",Inputs!$B$15+Geometry!$B$15-B10) -> -24.932661 | F10: =IF(NOT(ISNUMBER($A10)),"",Inputs!$C$15+Geometry!$B$16-C10) -> 235.76798 | G10: =IF(NOT(ISNUMBER($A10)),"",Inputs!$D$15+Geometry!$B$17-D10) -> 11.015352 | H10: =IF(NOT(ISNUMBER($A10)),"",2*(E10*Geometry!$B$18+F10*Geometry!$B$19+G10*Geometry!$B$20)) -> 11333.201 | I10: =IF(NOT(ISNUMBER($A10)),"",2*(E10*Geometry!$B$21+F10*Geometry!$B$22+G10*Geometry!$B$23)) -> 70090.972 | J10: =IF(NOT(ISNUMBER($A10)),"",Geometry!$B$24^2-(E10^2+F10^2+G10^2)-(Geometry!$B$18^2+Geometry!$B$19^2+Geometry!$B$20^2)) -> -14489.687 | K10: =IF(NOT(ISNUMBER($A10)),"",SQRT(H10^2+I10^2)) -> 71001.309 | L10: =IF(OR(NOT(ISNUMBER($A10)),K10<0.000000000001),"",MAX(-1,MIN(1,J10/K10))) -> -0.20407633 | M10: =IF(OR(NOT(ISNUMBER($A10)),K10<0.000000000001),"",IF(I10>=0,ACOS(MAX(-1,MIN(1,H10/K10))),-ACOS(MAX(-1,MIN(1,H10/K10))))) -> 1.410491 | N10: =IF(L10="","",ACOS(L10)) -> 1.7763164 | O10: =IF(M10="","",MOD(M10+Geometry!$B$47*N10+PI(),2*PI())-PI()) -> -0.3658254 | P10: =IF(NOT(ISNUMBER($A10)),"",AND(K10>=0.000000000001,ABS(J10)<=K10+0.00000001)) -> TRUE | Q10: =IF(P10=FALSE,"",IF((Geometry!$B$28*COS(O10)+Geometry!$B$32*SIN(O10)+Geometry!$B$8*Geometry!$B$30*(1-COS(O10)))>=0,1,-1)*ACOS(MAX(-1,MIN(1,(Geometry!$B$27*COS(O10)+Geometry!$B$31*SIN(O10)+Geometry!$B$7*Geometry!$B$30*(1-COS(O10)))/SQRT((Geometry!$B$27*COS(O10)+Geometry!$B$31*SIN(O10)+Geometry!$B$7*Geometry!$B$30*(1-COS(O10)))^2+(Geometry!$B$28*COS(O10)+Geometry!$B$32*SIN(O10)+Geometry!$B$8*Geometry!$B$30*(1-COS(O10)))^2))))*180/PI()) -> -20.555175 | R10: =IF(NOT(ISNUMBER($A10)),"",Inputs!$B$21+$A10*Inputs!$E$6/SQRT(Inputs!$E$6^2+Inputs!$E$7^2+Inputs!$E$8^2)) -> 919.873 | S10: =IF(NOT(ISNUMBER($A10)),"",Inputs!$C$21+$A10*Inputs!$E$7/SQRT(Inputs!$E$6^2+Inputs!$E$7^2+Inputs!$E$8^2)) -> -309.454 | T10: =IF(NOT(ISNUMBER($A10)),"",Inputs!$D$21+$A10*Inputs!$E$8/SQRT(Inputs!$E$6^2+Inputs!$E$7^2+Inputs!$E$8^2)) -> 182.189 | U10: =IF(NOT(ISNUMBER($A10)),"",Inputs!$B$19+Geometry!$C$15-R10) -> -24.932661 | V10: =IF(NOT(ISNUMBER($A10)),"",Inputs!$C$19+Geometry!$C$16-S10) -> -131.76798 | W10: =IF(NOT(ISNUMBER($A10)),"",Inputs!$D$19+Geometry!$C$17-T10) -> 11.015352 | X10: =IF(NOT(ISNUMBER($A10)),"",2*(U10*Geometry!$C$18+V10*Geometry!$C$19+W10*Geometry!$C$20)) -> 3319.1661 | Y10: =IF(NOT(ISNUMBER($A10)),"",2*(U10*Geometry!$C$21+V10*Geometry!$C$22+W10*Geometry!$C$23)) -> -40296.806 | Z10: =IF(NOT(ISNUMBER($A10)),"",Geometry!$C$24^2-(U10^2+V10^2+W10^2)-(Geometry!$C$18^2+Geometry!$C$19^2+Geometry!$C$20^2)) -> 23734.054 | AA10: =IF(NOT(ISNUMBER($A10)),"",SQRT(X10^2+Y10^2)) -> 40433.272 | AB10: =IF(OR(NOT(ISNUMBER($A10)),AA10<0.000000000001),"",MAX(-1,MIN(1,Z10/AA10))) -> 0.58699316 | AC10: =IF(OR(NOT(ISNUMBER($A10)),AA10<0.000000000001),"",IF(Y10>=0,ACOS(MAX(-1,MIN(1,X10/AA10))),-ACOS(MAX(-1,MIN(1,X10/AA10))))) -> -1.4886139 | AD10: =IF(AB10="","",ACOS(AB10)) -> 0.94345652 | AE10: =IF(AC10="","",MOD(AC10+Geometry!$C$47*AD10+PI(),2*PI())-PI()) -> -0.54515736 | AF10: =IF(NOT(ISNUMBER($A10)),"",AND(AA10>=0.000000000001,ABS(Z10)<=AA10+0.00000001)) -> TRUE | AG10: =IF(AF10=FALSE,"",IF((Geometry!$C$28*COS(AE10)+Geometry!$C$32*SIN(AE10)+Geometry!$C$8*Geometry!$C$30*(1-COS(AE10)))>=0,1,-1)*ACOS(MAX(-1,MIN(1,(Geometry!$C$27*COS(AE10)+Geometry!$C$31*SIN(AE10)+Geometry!$C$7*Geometry!$C$30*(1-COS(AE10)))/SQRT((Geometry!$C$27*COS(AE10)+Geometry!$C$31*SIN(AE10)+Geometry!$C$7*Geometry!$C$30*(1-COS(AE10)))^2+(Geometry!$C$28*COS(AE10)+Geometry!$C$32*SIN(AE10)+Geometry!$C$8*Geometry!$C$30*(1-COS(AE10)))^2))))*180/PI()) -> -30.832098
A11: =IF(Inputs!$E$9+9*Inputs!$E$11<=Inputs!$E$10,Inputs!$E$9+9*Inputs!$E$11,"") -> -51 | B11: =IF(NOT(ISNUMBER($A11)),"",Inputs!$B$17+$A11*Inputs!$E$6/SQRT(Inputs!$E$6^2+Inputs!$E$7^2+Inputs!$E$8^2)) -> 919.873 | C11: =IF(NOT(ISNUMBER($A11)),"",Inputs!$C$17+$A11*Inputs!$E$7/SQRT(Inputs!$E$6^2+Inputs!$E$7^2+Inputs!$E$8^2)) -> 206.454 | D11: =IF(NOT(ISNUMBER($A11)),"",Inputs!$D$17+$A11*Inputs!$E$8/SQRT(Inputs!$E$6^2+Inputs!$E$7^2+Inputs!$E$8^2)) -> 182.189 | E11: =IF(NOT(ISNUMBER($A11)),"",Inputs!$B$15+Geometry!$B$15-B11) -> -24.932661 | F11: =IF(NOT(ISNUMBER($A11)),"",Inputs!$C$15+Geometry!$B$16-C11) -> 234.76798 | G11: =IF(NOT(ISNUMBER($A11)),"",Inputs!$D$15+Geometry!$B$17-D11) -> 11.015352 | H11: =IF(NOT(ISNUMBER($A11)),"",2*(E11*Geometry!$B$18+F11*Geometry!$B$19+G11*Geometry!$B$20)) -> 11256.143 | I11: =IF(NOT(ISNUMBER($A11)),"",2*(E11*Geometry!$B$21+F11*Geometry!$B$22+G11*Geometry!$B$23)) -> 69804.49 | J11: =IF(NOT(ISNUMBER($A11)),"",Geometry!$B$24^2-(E11^2+F11^2+G11^2)-(Geometry!$B$18^2+Geometry!$B$19^2+Geometry!$B$20^2)) -> -14019.151 | K11: =IF(NOT(ISNUMBER($A11)),"",SQRT(H11^2+I11^2)) -> 70706.206 | L11: =IF(OR(NOT(ISNUMBER($A11)),K11<0.000000000001),"",MAX(-1,MIN(1,J11/K11))) -> -0.19827327 | M11: =IF(OR(NOT(ISNUMBER($A11)),K11<0.000000000001),"",IF(I11>=0,ACOS(MAX(-1,MIN(1,H11/K11))),-ACOS(MAX(-1,MIN(1,H11/K11))))) -> 1.4109201 | N11: =IF(L11="","",ACOS(L11)) -> 1.7703922 | O11: =IF(M11="","",MOD(M11+Geometry!$B$47*N11+PI(),2*PI())-PI()) -> -0.35947209 | P11: =IF(NOT(ISNUMBER($A11)),"",AND(K11>=0.000000000001,ABS(J11)<=K11+0.00000001)) -> TRUE | Q11: =IF(P11=FALSE,"",IF((Geometry!$B$28*COS(O11)+Geometry!$B$32*SIN(O11)+Geometry!$B$8*Geometry!$B$30*(1-COS(O11)))>=0,1,-1)*ACOS(MAX(-1,MIN(1,(Geometry!$B$27*COS(O11)+Geometry!$B$31*SIN(O11)+Geometry!$B$7*Geometry!$B$30*(1-COS(O11)))/SQRT((Geometry!$B$27*COS(O11)+Geometry!$B$31*SIN(O11)+Geometry!$B$7*Geometry!$B$30*(1-COS(O11)))^2+(Geometry!$B$28*COS(O11)+Geometry!$B$32*SIN(O11)+Geometry!$B$8*Geometry!$B$30*(1-COS(O11)))^2))))*180/PI()) -> -20.197967 | R11: =IF(NOT(ISNUMBER($A11)),"",Inputs!$B$21+$A11*Inputs!$E$6/SQRT(Inputs!$E$6^2+Inputs!$E$7^2+Inputs!$E$8^2)) -> 919.873 | S11: =IF(NOT(ISNUMBER($A11)),"",Inputs!$C$21+$A11*Inputs!$E$7/SQRT(Inputs!$E$6^2+Inputs!$E$7^2+Inputs!$E$8^2)) -> -308.454 | T11: =IF(NOT(ISNUMBER($A11)),"",Inputs!$D$21+$A11*Inputs!$E$8/SQRT(Inputs!$E$6^2+Inputs!$E$7^2+Inputs!$E$8^2)) -> 182.189 | U11: =IF(NOT(ISNUMBER($A11)),"",Inputs!$B$19+Geometry!$C$15-R11) -> -24.932661 | V11: =IF(NOT(ISNUMBER($A11)),"",Inputs!$C$19+Geometry!$C$16-S11) -> -132.76798 | W11: =IF(NOT(ISNUMBER($A11)),"",Inputs!$D$19+Geometry!$C$17-T11) -> 11.015352 | X11: =IF(NOT(ISNUMBER($A11)),"",2*(U11*Geometry!$C$18+V11*Geometry!$C$19+W11*Geometry!$C$20)) -> 3396.2241 | Y11: =IF(NOT(ISNUMBER($A11)),"",2*(U11*Geometry!$C$21+V11*Geometry!$C$22+W11*Geometry!$C$23)) -> -40583.289 | Z11: =IF(NOT(ISNUMBER($A11)),"",Geometry!$C$24^2-(U11^2+V11^2+W11^2)-(Geometry!$C$18^2+Geometry!$C$19^2+Geometry!$C$20^2)) -> 23469.518 | AA11: =IF(NOT(ISNUMBER($A11)),"",SQRT(X11^2+Y11^2)) -> 40725.148 | AB11: =IF(OR(NOT(ISNUMBER($A11)),AA11<0.000000000001),"",MAX(-1,MIN(1,Z11/AA11))) -> 0.57629056 | AC11: =IF(OR(NOT(ISNUMBER($A11)),AA11<0.000000000001),"",IF(Y11>=0,ACOS(MAX(-1,MIN(1,X11/AA11))),-ACOS(MAX(-1,MIN(1,X11/AA11))))) -> -1.4873056 | AD11: =IF(AB11="","",ACOS(AB11)) -> 0.9566139 | AE11: =IF(AC11="","",MOD(AC11+Geometry!$C$47*AD11+PI(),2*PI())-PI()) -> -0.53069168 | AF11: =IF(NOT(ISNUMBER($A11)),"",AND(AA11>=0.000000000001,ABS(Z11)<=AA11+0.00000001)) -> TRUE | AG11: =IF(AF11=FALSE,"",IF((Geometry!$C$28*COS(AE11)+Geometry!$C$32*SIN(AE11)+Geometry!$C$8*Geometry!$C$30*(1-COS(AE11)))>=0,1,-1)*ACOS(MAX(-1,MIN(1,(Geometry!$C$27*COS(AE11)+Geometry!$C$31*SIN(AE11)+Geometry!$C$7*Geometry!$C$30*(1-COS(AE11)))/SQRT((Geometry!$C$27*COS(AE11)+Geometry!$C$31*SIN(AE11)+Geometry!$C$7*Geometry!$C$30*(1-COS(AE11)))^2+(Geometry!$C$28*COS(AE11)+Geometry!$C$32*SIN(AE11)+Geometry!$C$8*Geometry!$C$30*(1-COS(AE11)))^2))))*180/PI()) -> -30.00838
A12: =IF(Inputs!$E$9+10*Inputs!$E$11<=Inputs!$E$10,Inputs!$E$9+10*Inputs!$E$11,"") -> -50 | B12: =IF(NOT(ISNUMBER($A12)),"",Inputs!$B$17+$A12*Inputs!$E$6/SQRT(Inputs!$E$6^2+Inputs!$E$7^2+Inputs!$E$8^2)) -> 919.873 | C12: =IF(NOT(ISNUMBER($A12)),"",Inputs!$C$17+$A12*Inputs!$E$7/SQRT(Inputs!$E$6^2+Inputs!$E$7^2+Inputs!$E$8^2)) -> 207.454 | D12: =IF(NOT(ISNUMBER($A12)),"",Inputs!$D$17+$A12*Inputs!$E$8/SQRT(Inputs!$E$6^2+Inputs!$E$7^2+Inputs!$E$8^2)) -> 182.189 | E12: =IF(NOT(ISNUMBER($A12)),"",Inputs!$B$15+Geometry!$B$15-B12) -> -24.932661 | F12: =IF(NOT(ISNUMBER($A12)),"",Inputs!$C$15+Geometry!$B$16-C12) -> 233.76798 | G12: =IF(NOT(ISNUMBER($A12)),"",Inputs!$D$15+Geometry!$B$17-D12) -> 11.015352 | H12: =IF(NOT(ISNUMBER($A12)),"",2*(E12*Geometry!$B$18+F12*Geometry!$B$19+G12*Geometry!$B$20)) -> 11179.085 | I12: =IF(NOT(ISNUMBER($A12)),"",2*(E12*Geometry!$B$21+F12*Geometry!$B$22+G12*Geometry!$B$23)) -> 69518.007 | J12: =IF(NOT(ISNUMBER($A12)),"",Geometry!$B$24^2-(E12^2+F12^2+G12^2)-(Geometry!$B$18^2+Geometry!$B$19^2+Geometry!$B$20^2)) -> -13550.615 | K12: =IF(NOT(ISNUMBER($A12)),"",SQRT(H12^2+I12^2)) -> 70411.116 | L12: =IF(OR(NOT(ISNUMBER($A12)),K12<0.000000000001),"",MAX(-1,MIN(1,J12/K12))) -> -0.19244994 | M12: =IF(OR(NOT(ISNUMBER($A12)),K12<0.000000000001),"",IF(I12>=0,ACOS(MAX(-1,MIN(1,H12/K12))),-ACOS(MAX(-1,MIN(1,H12/K12))))) -> 1.4113529 | N12: =IF(L12="","",ACOS(L12)) -> 1.7644545 | O12: =IF(M12="","",MOD(M12+Geometry!$B$47*N12+PI(),2*PI())-PI()) -> -0.35310161 | P12: =IF(NOT(ISNUMBER($A12)),"",AND(K12>=0.000000000001,ABS(J12)<=K12+0.00000001)) -> TRUE | Q12: =IF(P12=FALSE,"",IF((Geometry!$B$28*COS(O12)+Geometry!$B$32*SIN(O12)+Geometry!$B$8*Geometry!$B$30*(1-COS(O12)))>=0,1,-1)*ACOS(MAX(-1,MIN(1,(Geometry!$B$27*COS(O12)+Geometry!$B$31*SIN(O12)+Geometry!$B$7*Geometry!$B$30*(1-COS(O12)))/SQRT((Geometry!$B$27*COS(O12)+Geometry!$B$31*SIN(O12)+Geometry!$B$7*Geometry!$B$30*(1-COS(O12)))^2+(Geometry!$B$28*COS(O12)+Geometry!$B$32*SIN(O12)+Geometry!$B$8*Geometry!$B$30*(1-COS(O12)))^2))))*180/PI()) -> -19.83982 | R12: =IF(NOT(ISNUMBER($A12)),"",Inputs!$B$21+$A12*Inputs!$E$6/SQRT(Inputs!$E$6^2+Inputs!$E$7^2+Inputs!$E$8^2)) -> 919.873 | S12: =IF(NOT(ISNUMBER($A12)),"",Inputs!$C$21+$A12*Inputs!$E$7/SQRT(Inputs!$E$6^2+Inputs!$E$7^2+Inputs!$E$8^2)) -> -307.454 | T12: =IF(NOT(ISNUMBER($A12)),"",Inputs!$D$21+$A12*Inputs!$E$8/SQRT(Inputs!$E$6^2+Inputs!$E$7^2+Inputs!$E$8^2)) -> 182.189 | U12: =IF(NOT(ISNUMBER($A12)),"",Inputs!$B$19+Geometry!$C$15-R12) -> -24.932661 | V12: =IF(NOT(ISNUMBER($A12)),"",Inputs!$C$19+Geometry!$C$16-S12) -> -133.76798 | W12: =IF(NOT(ISNUMBER($A12)),"",Inputs!$D$19+Geometry!$C$17-T12) -> 11.015352 | X12: =IF(NOT(ISNUMBER($A12)),"",2*(U12*Geometry!$C$18+V12*Geometry!$C$19+W12*Geometry!$C$20)) -> 3473.2821 | Y12: =IF(NOT(ISNUMBER($A12)),"",2*(U12*Geometry!$C$21+V12*Geometry!$C$22+W12*Geometry!$C$23)) -> -40869.771 | Z12: =IF(NOT(ISNUMBER($A12)),"",Geometry!$C$24^2-(U12^2+V12^2+W12^2)-(Geometry!$C$18^2+Geometry!$C$19^2+Geometry!$C$20^2)) -> 23202.982 | AA12: =IF(NOT(ISNUMBER($A12)),"",SQRT(X12^2+Y12^2)) -> 41017.092 | AB12: =IF(OR(NOT(ISNUMBER($A12)),AA12<0.000000000001),"",MAX(-1,MIN(1,Z12/AA12))) -> 0.56569056 | AC12: =IF(OR(NOT(ISNUMBER($A12)),AA12<0.000000000001),"",IF(Y12>=0,ACOS(MAX(-1,MIN(1,X12/AA12))),-ACOS(MAX(-1,MIN(1,X12/AA12))))) -> -1.4860159 | AD12: =IF(AB12="","",ACOS(AB12)) -> 0.96952588 | AE12: =IF(AC12="","",MOD(AC12+Geometry!$C$47*AD12+PI(),2*PI())-PI()) -> -0.51649003 | AF12: =IF(NOT(ISNUMBER($A12)),"",AND(AA12>=0.000000000001,ABS(Z12)<=AA12+0.00000001)) -> TRUE | AG12: =IF(AF12=FALSE,"",IF((Geometry!$C$28*COS(AE12)+Geometry!$C$32*SIN(AE12)+Geometry!$C$8*Geometry!$C$30*(1-COS(AE12)))>=0,1,-1)*ACOS(MAX(-1,MIN(1,(Geometry!$C$27*COS(AE12)+Geometry!$C$31*SIN(AE12)+Geometry!$C$7*Geometry!$C$30*(1-COS(AE12)))/SQRT((Geometry!$C$27*COS(AE12)+Geometry!$C$31*SIN(AE12)+Geometry!$C$7*Geometry!$C$30*(1-COS(AE12)))^2+(Geometry!$C$28*COS(AE12)+Geometry!$C$32*SIN(AE12)+Geometry!$C$8*Geometry!$C$30*(1-COS(AE12)))^2))))*180/PI()) -> -29.200018
A13: =IF(Inputs!$E$9+11*Inputs!$E$11<=Inputs!$E$10,Inputs!$E$9+11*Inputs!$E$11,"") -> -49 | B13: =IF(NOT(ISNUMBER($A13)),"",Inputs!$B$17+$A13*Inputs!$E$6/SQRT(Inputs!$E$6^2+Inputs!$E$7^2+Inputs!$E$8^2)) -> 919.873 | C13: =IF(NOT(ISNUMBER($A13)),"",Inputs!$C$17+$A13*Inputs!$E$7/SQRT(Inputs!$E$6^2+Inputs!$E$7^2+Inputs!$E$8^2)) -> 208.454 | D13: =IF(NOT(ISNUMBER($A13)),"",Inputs!$D$17+$A13*Inputs!$E$8/SQRT(Inputs!$E$6^2+Inputs!$E$7^2+Inputs!$E$8^2)) -> 182.189 | E13: =IF(NOT(ISNUMBER($A13)),"",Inputs!$B$15+Geometry!$B$15-B13) -> -24.932661 | F13: =IF(NOT(ISNUMBER($A13)),"",Inputs!$C$15+Geometry!$B$16-C13) -> 232.76798 | G13: =IF(NOT(ISNUMBER($A13)),"",Inputs!$D$15+Geometry!$B$17-D13) -> 11.015352 | H13: =IF(NOT(ISNUMBER($A13)),"",2*(E13*Geometry!$B$18+F13*Geometry!$B$19+G13*Geometry!$B$20)) -> 11102.027 | I13: =IF(NOT(ISNUMBER($A13)),"",2*(E13*Geometry!$B$21+F13*Geometry!$B$22+G13*Geometry!$B$23)) -> 69231.525 | J13: =IF(NOT(ISNUMBER($A13)),"",Geometry!$B$24^2-(E13^2+F13^2+G13^2)-(Geometry!$B$18^2+Geometry!$B$19^2+Geometry!$B$20^2)) -> -13084.079 | K13: =IF(NOT(ISNUMBER($A13)),"",SQRT(H13^2+I13^2)) -> 70116.04 | L13: =IF(OR(NOT(ISNUMBER($A13)),K13<0.000000000001),"",MAX(-1,MIN(1,J13/K13))) -> -0.18660607 | M13: =IF(OR(NOT(ISNUMBER($A13)),K13<0.000000000001),"",IF(I13>=0,ACOS(MAX(-1,MIN(1,H13/K13))),-ACOS(MAX(-1,MIN(1,H13/K13))))) -> 1.4117892 | N13: =IF(L13="","",ACOS(L13)) -> 1.7585027 | O13: =IF(M13="","",MOD(M13+Geometry!$B$47*N13+PI(),2*PI())-PI()) -> -0.3467135 | P13: =IF(NOT(ISNUMBER($A13)),"",AND(K13>=0.000000000001,ABS(J13)<=K13+0.00000001)) -> TRUE | Q13: =IF(P13=FALSE,"",IF((Geometry!$B$28*COS(O13)+Geometry!$B$32*SIN(O13)+Geometry!$B$8*Geometry!$B$30*(1-COS(O13)))>=0,1,-1)*ACOS(MAX(-1,MIN(1,(Geometry!$B$27*COS(O13)+Geometry!$B$31*SIN(O13)+Geometry!$B$7*Geometry!$B$30*(1-COS(O13)))/SQRT((Geometry!$B$27*COS(O13)+Geometry!$B$31*SIN(O13)+Geometry!$B$7*Geometry!$B$30*(1-COS(O13)))^2+(Geometry!$B$28*COS(O13)+Geometry!$B$32*SIN(O13)+Geometry!$B$8*Geometry!$B$30*(1-COS(O13)))^2))))*180/PI()) -> -19.480709 | R13: =IF(NOT(ISNUMBER($A13)),"",Inputs!$B$21+$A13*Inputs!$E$6/SQRT(Inputs!$E$6^2+Inputs!$E$7^2+Inputs!$E$8^2)) -> 919.873 | S13: =IF(NOT(ISNUMBER($A13)),"",Inputs!$C$21+$A13*Inputs!$E$7/SQRT(Inputs!$E$6^2+Inputs!$E$7^2+Inputs!$E$8^2)) -> -306.454 | T13: =IF(NOT(ISNUMBER($A13)),"",Inputs!$D$21+$A13*Inputs!$E$8/SQRT(Inputs!$E$6^2+Inputs!$E$7^2+Inputs!$E$8^2)) -> 182.189 | U13: =IF(NOT(ISNUMBER($A13)),"",Inputs!$B$19+Geometry!$C$15-R13) -> -24.932661 | V13: =IF(NOT(ISNUMBER($A13)),"",Inputs!$C$19+Geometry!$C$16-S13) -> -134.76798 | W13: =IF(NOT(ISNUMBER($A13)),"",Inputs!$D$19+Geometry!$C$17-T13) -> 11.015352 | X13: =IF(NOT(ISNUMBER($A13)),"",2*(U13*Geometry!$C$18+V13*Geometry!$C$19+W13*Geometry!$C$20)) -> 3550.3402 | Y13: =IF(NOT(ISNUMBER($A13)),"",2*(U13*Geometry!$C$21+V13*Geometry!$C$22+W13*Geometry!$C$23)) -> -41156.253 | Z13: =IF(NOT(ISNUMBER($A13)),"",Geometry!$C$24^2-(U13^2+V13^2+W13^2)-(Geometry!$C$18^2+Geometry!$C$19^2+Geometry!$C$20^2)) -> 22934.446 | AA13: =IF(NOT(ISNUMBER($A13)),"",SQRT(X13^2+Y13^2)) -> 41309.104 | AB13: =IF(OR(NOT(ISNUMBER($A13)),AA13<0.000000000001),"",MAX(-1,MIN(1,Z13/AA13))) -> 0.55519108 | AC13: =IF(OR(NOT(ISNUMBER($A13)),AA13<0.000000000001),"",IF(Y13>=0,ACOS(MAX(-1,MIN(1,X13/AA13))),-ACOS(MAX(-1,MIN(1,X13/AA13))))) -> -1.4847445 | AD13: =IF(AB13="","",ACOS(AB13)) -> 0.98220364 | AE13: =IF(AC13="","",MOD(AC13+Geometry!$C$47*AD13+PI(),2*PI())-PI()) -> -0.50254082 | AF13: =IF(NOT(ISNUMBER($A13)),"",AND(AA13>=0.000000000001,ABS(Z13)<=AA13+0.00000001)) -> TRUE | AG13: =IF(AF13=FALSE,"",IF((Geometry!$C$28*COS(AE13)+Geometry!$C$32*SIN(AE13)+Geometry!$C$8*Geometry!$C$30*(1-COS(AE13)))>=0,1,-1)*ACOS(MAX(-1,MIN(1,(Geometry!$C$27*COS(AE13)+Geometry!$C$31*SIN(AE13)+Geometry!$C$7*Geometry!$C$30*(1-COS(AE13)))/SQRT((Geometry!$C$27*COS(AE13)+Geometry!$C$31*SIN(AE13)+Geometry!$C$7*Geometry!$C$30*(1-COS(AE13)))^2+(Geometry!$C$28*COS(AE13)+Geometry!$C$32*SIN(AE13)+Geometry!$C$8*Geometry!$C$30*(1-COS(AE13)))^2))))*180/PI()) -> -28.406335
A14: =IF(Inputs!$E$9+12*Inputs!$E$11<=Inputs!$E$10,Inputs!$E$9+12*Inputs!$E$11,"") -> -48 | B14: =IF(NOT(ISNUMBER($A14)),"",Inputs!$B$17+$A14*Inputs!$E$6/SQRT(Inputs!$E$6^2+Inputs!$E$7^2+Inputs!$E$8^2)) -> 919.873 | C14: =IF(NOT(ISNUMBER($A14)),"",Inputs!$C$17+$A14*Inputs!$E$7/SQRT(Inputs!$E$6^2+Inputs!$E$7^2+Inputs!$E$8^2)) -> 209.454 | D14: =IF(NOT(ISNUMBER($A14)),"",Inputs!$D$17+$A14*Inputs!$E$8/SQRT(Inputs!$E$6^2+Inputs!$E$7^2+Inputs!$E$8^2)) -> 182.189 | E14: =IF(NOT(ISNUMBER($A14)),"",Inputs!$B$15+Geometry!$B$15-B14) -> -24.932661 | F14: =IF(NOT(ISNUMBER($A14)),"",Inputs!$C$15+Geometry!$B$16-C14) -> 231.76798 | G14: =IF(NOT(ISNUMBER($A14)),"",Inputs!$D$15+Geometry!$B$17-D14) -> 11.015352 | H14: =IF(NOT(ISNUMBER($A14)),"",2*(E14*Geometry!$B$18+F14*Geometry!$B$19+G14*Geometry!$B$20)) -> 11024.969 | I14: =IF(NOT(ISNUMBER($A14)),"",2*(E14*Geometry!$B$21+F14*Geometry!$B$22+G14*Geometry!$B$23)) -> 68945.043 | J14: =IF(NOT(ISNUMBER($A14)),"",Geometry!$B$24^2-(E14^2+F14^2+G14^2)-(Geometry!$B$18^2+Geometry!$B$19^2+Geometry!$B$20^2)) -> -12619.543 | K14: =IF(NOT(ISNUMBER($A14)),"",SQRT(H14^2+I14^2)) -> 69820.977 | L14: =IF(OR(NOT(ISNUMBER($A14)),K14<0.000000000001),"",MAX(-1,MIN(1,J14/K14))) -> -0.18074142 | M14: =IF(OR(NOT(ISNUMBER($A14)),K14<0.000000000001),"",IF(I14>=0,ACOS(MAX(-1,MIN(1,H14/K14))),-ACOS(MAX(-1,MIN(1,H14/K14))))) -> 1.4122293 | N14: =IF(L14="","",ACOS(L14)) -> 1.7525366 | O14: =IF(M14="","",MOD(M14+Geometry!$B$47*N14+PI(),2*PI())-PI()) -> -0.34030728 | P14: =IF(NOT(ISNUMBER($A14)),"",AND(K14>=0.000000000001,ABS(J14)<=K14+0.00000001)) -> TRUE | Q14: =IF(P14=FALSE,"",IF((Geometry!$B$28*COS(O14)+Geometry!$B$32*SIN(O14)+Geometry!$B$8*Geometry!$B$30*(1-COS(O14)))>=0,1,-1)*ACOS(MAX(-1,MIN(1,(Geometry!$B$27*COS(O14)+Geometry!$B$31*SIN(O14)+Geometry!$B$7*Geometry!$B$30*(1-COS(O14)))/SQRT((Geometry!$B$27*COS(O14)+Geometry!$B$31*SIN(O14)+Geometry!$B$7*Geometry!$B$30*(1-COS(O14)))^2+(Geometry!$B$28*COS(O14)+Geometry!$B$32*SIN(O14)+Geometry!$B$8*Geometry!$B$30*(1-COS(O14)))^2))))*180/PI()) -> -19.120606 | R14: =IF(NOT(ISNUMBER($A14)),"",Inputs!$B$21+$A14*Inputs!$E$6/SQRT(Inputs!$E$6^2+Inputs!$E$7^2+Inputs!$E$8^2)) -> 919.873 | S14: =IF(NOT(ISNUMBER($A14)),"",Inputs!$C$21+$A14*Inputs!$E$7/SQRT(Inputs!$E$6^2+Inputs!$E$7^2+Inputs!$E$8^2)) -> -305.454 | T14: =IF(NOT(ISNUMBER($A14)),"",Inputs!$D$21+$A14*Inputs!$E$8/SQRT(Inputs!$E$6^2+Inputs!$E$7^2+Inputs!$E$8^2)) -> 182.189 | U14: =IF(NOT(ISNUMBER($A14)),"",Inputs!$B$19+Geometry!$C$15-R14) -> -24.932661 | V14: =IF(NOT(ISNUMBER($A14)),"",Inputs!$C$19+Geometry!$C$16-S14) -> -135.76798 | W14: =IF(NOT(ISNUMBER($A14)),"",Inputs!$D$19+Geometry!$C$17-T14) -> 11.015352 | X14: =IF(NOT(ISNUMBER($A14)),"",2*(U14*Geometry!$C$18+V14*Geometry!$C$19+W14*Geometry!$C$20)) -> 3627.3982 | Y14: =IF(NOT(ISNUMBER($A14)),"",2*(U14*Geometry!$C$21+V14*Geometry!$C$22+W14*Geometry!$C$23)) -> -41442.736 | Z14: =IF(NOT(ISNUMBER($A14)),"",Geometry!$C$24^2-(U14^2+V14^2+W14^2)-(Geometry!$C$18^2+Geometry!$C$19^2+Geometry!$C$20^2)) -> 22663.91 | AA14: =IF(NOT(ISNUMBER($A14)),"",SQRT(X14^2+Y14^2)) -> 41601.182 | AB14: =IF(OR(NOT(ISNUMBER($A14)),AA14<0.000000000001),"",MAX(-1,MIN(1,Z14/AA14))) -> 0.54479005 | AC14: =IF(OR(NOT(ISNUMBER($A14)),AA14<0.000000000001),"",IF(Y14>=0,ACOS(MAX(-1,MIN(1,X14/AA14))),-ACOS(MAX(-1,MIN(1,X14/AA14))))) -> -1.4834909 | AD14: =IF(AB14="","",ACOS(AB14)) -> 0.9946576 | AE14: =IF(AC14="","",MOD(AC14+Geometry!$C$47*AD14+PI(),2*PI())-PI()) -> -0.48883327 | AF14: =IF(NOT(ISNUMBER($A14)),"",AND(AA14>=0.000000000001,ABS(Z14)<=AA14+0.00000001)) -> TRUE | AG14: =IF(AF14=FALSE,"",IF((Geometry!$C$28*COS(AE14)+Geometry!$C$32*SIN(AE14)+Geometry!$C$8*Geometry!$C$30*(1-COS(AE14)))>=0,1,-1)*ACOS(MAX(-1,MIN(1,(Geometry!$C$27*COS(AE14)+Geometry!$C$31*SIN(AE14)+Geometry!$C$7*Geometry!$C$30*(1-COS(AE14)))/SQRT((Geometry!$C$27*COS(AE14)+Geometry!$C$31*SIN(AE14)+Geometry!$C$7*Geometry!$C$30*(1-COS(AE14)))^2+(Geometry!$C$28*COS(AE14)+Geometry!$C$32*SIN(AE14)+Geometry!$C$8*Geometry!$C$30*(1-COS(AE14)))^2))))*180/PI()) -> -27.626702
A15: =IF(Inputs!$E$9+13*Inputs!$E$11<=Inputs!$E$10,Inputs!$E$9+13*Inputs!$E$11,"") -> -47 | B15: =IF(NOT(ISNUMBER($A15)),"",Inputs!$B$17+$A15*Inputs!$E$6/SQRT(Inputs!$E$6^2+Inputs!$E$7^2+Inputs!$E$8^2)) -> 919.873 | C15: =IF(NOT(ISNUMBER($A15)),"",Inputs!$C$17+$A15*Inputs!$E$7/SQRT(Inputs!$E$6^2+Inputs!$E$7^2+Inputs!$E$8^2)) -> 210.454 | D15: =IF(NOT(ISNUMBER($A15)),"",Inputs!$D$17+$A15*Inputs!$E$8/SQRT(Inputs!$E$6^2+Inputs!$E$7^2+Inputs!$E$8^2)) -> 182.189 | E15: =IF(NOT(ISNUMBER($A15)),"",Inputs!$B$15+Geometry!$B$15-B15) -> -24.932661 | F15: =IF(NOT(ISNUMBER($A15)),"",Inputs!$C$15+Geometry!$B$16-C15) -> 230.76798 | G15: =IF(NOT(ISNUMBER($A15)),"",Inputs!$D$15+Geometry!$B$17-D15) -> 11.015352 | H15: =IF(NOT(ISNUMBER($A15)),"",2*(E15*Geometry!$B$18+F15*Geometry!$B$19+G15*Geometry!$B$20)) -> 10947.911 | I15: =IF(NOT(ISNUMBER($A15)),"",2*(E15*Geometry!$B$21+F15*Geometry!$B$22+G15*Geometry!$B$23)) -> 68658.56 | J15: =IF(NOT(ISNUMBER($A15)),"",Geometry!$B$24^2-(E15^2+F15^2+G15^2)-(Geometry!$B$18^2+Geometry!$B$19^2+Geometry!$B$20^2)) -> -12157.007 | K15: =IF(NOT(ISNUMBER($A15)),"",SQRT(H15^2+I15^2)) -> 69525.928 | L15: =IF(OR(NOT(ISNUMBER($A15)),K15<0.000000000001),"",MAX(-1,MIN(1,J15/K15))) -> -0.17485573 | M15: =IF(OR(NOT(ISNUMBER($A15)),K15<0.000000000001),"",IF(I15>=0,ACOS(MAX(-1,MIN(1,H15/K15))),-ACOS(MAX(-1,MIN(1,H15/K15))))) -> 1.4126731 | N15: =IF(L15="","",ACOS(L15)) -> 1.7465556 | O15: =IF(M15="","",MOD(M15+Geometry!$B$47*N15+PI(),2*PI())-PI()) -> -0.3338825 | P15: =IF(NOT(ISNUMBER($A15)),"",AND(K15>=0.000000000001,ABS(J15)<=K15+0.00000001)) -> TRUE | Q15: =IF(P15=FALSE,"",IF((Geometry!$B$28*COS(O15)+Geometry!$B$32*SIN(O15)+Geometry!$B$8*Geometry!$B$30*(1-COS(O15)))>=0,1,-1)*ACOS(MAX(-1,MIN(1,(Geometry!$B$27*COS(O15)+Geometry!$B$31*SIN(O15)+Geometry!$B$7*Geometry!$B$30*(1-COS(O15)))/SQRT((Geometry!$B$27*COS(O15)+Geometry!$B$31*SIN(O15)+Geometry!$B$7*Geometry!$B$30*(1-COS(O15)))^2+(Geometry!$B$28*COS(O15)+Geometry!$B$32*SIN(O15)+Geometry!$B$8*Geometry!$B$30*(1-COS(O15)))^2))))*180/PI()) -> -18.759483 | R15: =IF(NOT(ISNUMBER($A15)),"",Inputs!$B$21+$A15*Inputs!$E$6/SQRT(Inputs!$E$6^2+Inputs!$E$7^2+Inputs!$E$8^2)) -> 919.873 | S15: =IF(NOT(ISNUMBER($A15)),"",Inputs!$C$21+$A15*Inputs!$E$7/SQRT(Inputs!$E$6^2+Inputs!$E$7^2+Inputs!$E$8^2)) -> -304.454 | T15: =IF(NOT(ISNUMBER($A15)),"",Inputs!$D$21+$A15*Inputs!$E$8/SQRT(Inputs!$E$6^2+Inputs!$E$7^2+Inputs!$E$8^2)) -> 182.189 | U15: =IF(NOT(ISNUMBER($A15)),"",Inputs!$B$19+Geometry!$C$15-R15) -> -24.932661 | V15: =IF(NOT(ISNUMBER($A15)),"",Inputs!$C$19+Geometry!$C$16-S15) -> -136.76798 | W15: =IF(NOT(ISNUMBER($A15)),"",Inputs!$D$19+Geometry!$C$17-T15) -> 11.015352 | X15: =IF(NOT(ISNUMBER($A15)),"",2*(U15*Geometry!$C$18+V15*Geometry!$C$19+W15*Geometry!$C$20)) -> 3704.4562 | Y15: =IF(NOT(ISNUMBER($A15)),"",2*(U15*Geometry!$C$21+V15*Geometry!$C$22+W15*Geometry!$C$23)) -> -41729.218 | Z15: =IF(NOT(ISNUMBER($A15)),"",Geometry!$C$24^2-(U15^2+V15^2+W15^2)-(Geometry!$C$18^2+Geometry!$C$19^2+Geometry!$C$20^2)) -> 22391.374 | AA15: =IF(NOT(ISNUMBER($A15)),"",SQRT(X15^2+Y15^2)) -> 41893.324 | AB15: =IF(OR(NOT(ISNUMBER($A15)),AA15<0.000000000001),"",MAX(-1,MIN(1,Z15/AA15))) -> 0.53448549 | AC15: =IF(OR(NOT(ISNUMBER($A15)),AA15<0.000000000001),"",IF(Y15>=0,ACOS(MAX(-1,MIN(1,X15/AA15))),-ACOS(MAX(-1,MIN(1,X15/AA15))))) -> -1.4822548 | AD15: =IF(AB15="","",ACOS(AB15)) -> 1.0068975 | AE15: =IF(AC15="","",MOD(AC15+Geometry!$C$47*AD15+PI(),2*PI())-PI()) -> -0.4753573 | AF15: =IF(NOT(ISNUMBER($A15)),"",AND(AA15>=0.000000000001,ABS(Z15)<=AA15+0.00000001)) -> TRUE | AG15: =IF(AF15=FALSE,"",IF((Geometry!$C$28*COS(AE15)+Geometry!$C$32*SIN(AE15)+Geometry!$C$8*Geometry!$C$30*(1-COS(AE15)))>=0,1,-1)*ACOS(MAX(-1,MIN(1,(Geometry!$C$27*COS(AE15)+Geometry!$C$31*SIN(AE15)+Geometry!$C$7*Geometry!$C$30*(1-COS(AE15)))/SQRT((Geometry!$C$27*COS(AE15)+Geometry!$C$31*SIN(AE15)+Geometry!$C$7*Geometry!$C$30*(1-COS(AE15)))^2+(Geometry!$C$28*COS(AE15)+Geometry!$C$32*SIN(AE15)+Geometry!$C$8*Geometry!$C$30*(1-COS(AE15)))^2))))*180/PI()) -> -26.86053
A16: =IF(Inputs!$E$9+14*Inputs!$E$11<=Inputs!$E$10,Inputs!$E$9+14*Inputs!$E$11,"") -> -46 | B16: =IF(NOT(ISNUMBER($A16)),"",Inputs!$B$17+$A16*Inputs!$E$6/SQRT(Inputs!$E$6^2+Inputs!$E$7^2+Inputs!$E$8^2)) -> 919.873 | C16: =IF(NOT(ISNUMBER($A16)),"",Inputs!$C$17+$A16*Inputs!$E$7/SQRT(Inputs!$E$6^2+Inputs!$E$7^2+Inputs!$E$8^2)) -> 211.454 | D16: =IF(NOT(ISNUMBER($A16)),"",Inputs!$D$17+$A16*Inputs!$E$8/SQRT(Inputs!$E$6^2+Inputs!$E$7^2+Inputs!$E$8^2)) -> 182.189 | E16: =IF(NOT(ISNUMBER($A16)),"",Inputs!$B$15+Geometry!$B$15-B16) -> -24.932661 | F16: =IF(NOT(ISNUMBER($A16)),"",Inputs!$C$15+Geometry!$B$16-C16) -> 229.76798 | G16: =IF(NOT(ISNUMBER($A16)),"",Inputs!$D$15+Geometry!$B$17-D16) -> 11.015352 | H16: =IF(NOT(ISNUMBER($A16)),"",2*(E16*Geometry!$B$18+F16*Geometry!$B$19+G16*Geometry!$B$20)) -> 10870.853 | I16: =IF(NOT(ISNUMBER($A16)),"",2*(E16*Geometry!$B$21+F16*Geometry!$B$22+G16*Geometry!$B$23)) -> 68372.078 | J16: =IF(NOT(ISNUMBER($A16)),"",Geometry!$B$24^2-(E16^2+F16^2+G16^2)-(Geometry!$B$18^2+Geometry!$B$19^2+Geometry!$B$20^2)) -> -11696.471 | K16: =IF(NOT(ISNUMBER($A16)),"",SQRT(H16^2+I16^2)) -> 69230.893 | L16: =IF(OR(NOT(ISNUMBER($A16)),K16<0.000000000001),"",MAX(-1,MIN(1,J16/K16))) -> -0.16894872 | M16: =IF(OR(NOT(ISNUMBER($A16)),K16<0.000000000001),"",IF(I16>=0,ACOS(MAX(-1,MIN(1,H16/K16))),-ACOS(MAX(-1,MIN(1,H16/K16))))) -> 1.4131206 | N16: =IF(L16="","",ACOS(L16)) -> 1.7405593 | O16: =IF(M16="","",MOD(M16+Geometry!$B$47*N16+PI(),2*PI())-PI()) -> -0.32743865 | P16: =IF(NOT(ISNUMBER($A16)),"",AND(K16>=0.000000000001,ABS(J16)<=K16+0.00000001)) -> TRUE | Q16: =IF(P16=FALSE,"",IF((Geometry!$B$28*COS(O16)+Geometry!$B$32*SIN(O16)+Geometry!$B$8*Geometry!$B$30*(1-COS(O16)))>=0,1,-1)*ACOS(MAX(-1,MIN(1,(Geometry!$B$27*COS(O16)+Geometry!$B$31*SIN(O16)+Geometry!$B$7*Geometry!$B$30*(1-COS(O16)))/SQRT((Geometry!$B$27*COS(O16)+Geometry!$B$31*SIN(O16)+Geometry!$B$7*Geometry!$B$30*(1-COS(O16)))^2+(Geometry!$B$28*COS(O16)+Geometry!$B$32*SIN(O16)+Geometry!$B$8*Geometry!$B$30*(1-COS(O16)))^2))))*180/PI()) -> -18.397313 | R16: =IF(NOT(ISNUMBER($A16)),"",Inputs!$B$21+$A16*Inputs!$E$6/SQRT(Inputs!$E$6^2+Inputs!$E$7^2+Inputs!$E$8^2)) -> 919.873 | S16: =IF(NOT(ISNUMBER($A16)),"",Inputs!$C$21+$A16*Inputs!$E$7/SQRT(Inputs!$E$6^2+Inputs!$E$7^2+Inputs!$E$8^2)) -> -303.454 | T16: =IF(NOT(ISNUMBER($A16)),"",Inputs!$D$21+$A16*Inputs!$E$8/SQRT(Inputs!$E$6^2+Inputs!$E$7^2+Inputs!$E$8^2)) -> 182.189 | U16: =IF(NOT(ISNUMBER($A16)),"",Inputs!$B$19+Geometry!$C$15-R16) -> -24.932661 | V16: =IF(NOT(ISNUMBER($A16)),"",Inputs!$C$19+Geometry!$C$16-S16) -> -137.76798 | W16: =IF(NOT(ISNUMBER($A16)),"",Inputs!$D$19+Geometry!$C$17-T16) -> 11.015352 | X16: =IF(NOT(ISNUMBER($A16)),"",2*(U16*Geometry!$C$18+V16*Geometry!$C$19+W16*Geometry!$C$20)) -> 3781.5142 | Y16: =IF(NOT(ISNUMBER($A16)),"",2*(U16*Geometry!$C$21+V16*Geometry!$C$22+W16*Geometry!$C$23)) -> -42015.7 | Z16: =IF(NOT(ISNUMBER($A16)),"",Geometry!$C$24^2-(U16^2+V16^2+W16^2)-(Geometry!$C$18^2+Geometry!$C$19^2+Geometry!$C$20^2)) -> 22116.838 | AA16: =IF(NOT(ISNUMBER($A16)),"",SQRT(X16^2+Y16^2)) -> 42185.53 | AB16: =IF(OR(NOT(ISNUMBER($A16)),AA16<0.000000000001),"",MAX(-1,MIN(1,Z16/AA16))) -> 0.52427546 | AC16: =IF(OR(NOT(ISNUMBER($A16)),AA16<0.000000000001),"",IF(Y16>=0,ACOS(MAX(-1,MIN(1,X16/AA16))),-ACOS(MAX(-1,MIN(1,X16/AA16))))) -> -1.4810358 | AD16: =IF(AB16="","",ACOS(AB16)) -> 1.0189323 | AE16: =IF(AC16="","",MOD(AC16+Geometry!$C$47*AD16+PI(),2*PI())-PI()) -> -0.46210348 | AF16: =IF(NOT(ISNUMBER($A16)),"",AND(AA16>=0.000000000001,ABS(Z16)<=AA16+0.00000001)) -> TRUE | AG16: =IF(AF16=FALSE,"",IF((Geometry!$C$28*COS(AE16)+Geometry!$C$32*SIN(AE16)+Geometry!$C$8*Geometry!$C$30*(1-COS(AE16)))>=0,1,-1)*ACOS(MAX(-1,MIN(1,(Geometry!$C$27*COS(AE16)+Geometry!$C$31*SIN(AE16)+Geometry!$C$7*Geometry!$C$30*(1-COS(AE16)))/SQRT((Geometry!$C$27*COS(AE16)+Geometry!$C$31*SIN(AE16)+Geometry!$C$7*Geometry!$C$30*(1-COS(AE16)))^2+(Geometry!$C$28*COS(AE16)+Geometry!$C$32*SIN(AE16)+Geometry!$C$8*Geometry!$C$30*(1-COS(AE16)))^2))))*180/PI()) -> -26.107269
A17: =IF(Inputs!$E$9+15*Inputs!$E$11<=Inputs!$E$10,Inputs!$E$9+15*Inputs!$E$11,"") -> -45 | B17: =IF(NOT(ISNUMBER($A17)),"",Inputs!$B$17+$A17*Inputs!$E$6/SQRT(Inputs!$E$6^2+Inputs!$E$7^2+Inputs!$E$8^2)) -> 919.873 | C17: =IF(NOT(ISNUMBER($A17)),"",Inputs!$C$17+$A17*Inputs!$E$7/SQRT(Inputs!$E$6^2+Inputs!$E$7^2+Inputs!$E$8^2)) -> 212.454 | D17: =IF(NOT(ISNUMBER($A17)),"",Inputs!$D$17+$A17*Inputs!$E$8/SQRT(Inputs!$E$6^2+Inputs!$E$7^2+Inputs!$E$8^2)) -> 182.189 | E17: =IF(NOT(ISNUMBER($A17)),"",Inputs!$B$15+Geometry!$B$15-B17) -> -24.932661 | F17: =IF(NOT(ISNUMBER($A17)),"",Inputs!$C$15+Geometry!$B$16-C17) -> 228.76798 | G17: =IF(NOT(ISNUMBER($A17)),"",Inputs!$D$15+Geometry!$B$17-D17) -> 11.015352 | H17: =IF(NOT(ISNUMBER($A17)),"",2*(E17*Geometry!$B$18+F17*Geometry!$B$19+G17*Geometry!$B$20)) -> 10793.795 | I17: =IF(NOT(ISNUMBER($A17)),"",2*(E17*Geometry!$B$21+F17*Geometry!$B$22+G17*Geometry!$B$23)) -> 68085.596 | J17: =IF(NOT(ISNUMBER($A17)),"",Geometry!$B$24^2-(E17^2+F17^2+G17^2)-(Geometry!$B$18^2+Geometry!$B$19^2+Geometry!$B$20^2)) -> -11237.935 | K17: =IF(NOT(ISNUMBER($A17)),"",SQRT(H17^2+I17^2)) -> 68935.871 | L17: =IF(OR(NOT(ISNUMBER($A17)),K17<0.000000000001),"",MAX(-1,MIN(1,J17/K17))) -> -0.16302013 | M17: =IF(OR(NOT(ISNUMBER($A17)),K17<0.000000000001),"",IF(I17>=0,ACOS(MAX(-1,MIN(1,H17/K17))),-ACOS(MAX(-1,MIN(1,H17/K17))))) -> 1.413572 | N17: =IF(L17="","",ACOS(L17)) -> 1.7345473 | O17: =IF(M17="","",MOD(M17+Geometry!$B$47*N17+PI(),2*PI())-PI()) -> -0.32097525 | P17: =IF(NOT(ISNUMBER($A17)),"",AND(K17>=0.000000000001,ABS(J17)<=K17+0.00000001)) -> TRUE | Q17: =IF(P17=FALSE,"",IF((Geometry!$B$28*COS(O17)+Geometry!$B$32*SIN(O17)+Geometry!$B$8*Geometry!$B$30*(1-COS(O17)))>=0,1,-1)*ACOS(MAX(-1,MIN(1,(Geometry!$B$27*COS(O17)+Geometry!$B$31*SIN(O17)+Geometry!$B$7*Geometry!$B$30*(1-COS(O17)))/SQRT((Geometry!$B$27*COS(O17)+Geometry!$B$31*SIN(O17)+Geometry!$B$7*Geometry!$B$30*(1-COS(O17)))^2+(Geometry!$B$28*COS(O17)+Geometry!$B$32*SIN(O17)+Geometry!$B$8*Geometry!$B$30*(1-COS(O17)))^2))))*180/PI()) -> -18.034066 | R17: =IF(NOT(ISNUMBER($A17)),"",Inputs!$B$21+$A17*Inputs!$E$6/SQRT(Inputs!$E$6^2+Inputs!$E$7^2+Inputs!$E$8^2)) -> 919.873 | S17: =IF(NOT(ISNUMBER($A17)),"",Inputs!$C$21+$A17*Inputs!$E$7/SQRT(Inputs!$E$6^2+Inputs!$E$7^2+Inputs!$E$8^2)) -> -302.454 | T17: =IF(NOT(ISNUMBER($A17)),"",Inputs!$D$21+$A17*Inputs!$E$8/SQRT(Inputs!$E$6^2+Inputs!$E$7^2+Inputs!$E$8^2)) -> 182.189 | U17: =IF(NOT(ISNUMBER($A17)),"",Inputs!$B$19+Geometry!$C$15-R17) -> -24.932661 | V17: =IF(NOT(ISNUMBER($A17)),"",Inputs!$C$19+Geometry!$C$16-S17) -> -138.76798 | W17: =IF(NOT(ISNUMBER($A17)),"",Inputs!$D$19+Geometry!$C$17-T17) -> 11.015352 | X17: =IF(NOT(ISNUMBER($A17)),"",2*(U17*Geometry!$C$18+V17*Geometry!$C$19+W17*Geometry!$C$20)) -> 3858.5723 | Y17: =IF(NOT(ISNUMBER($A17)),"",2*(U17*Geometry!$C$21+V17*Geometry!$C$22+W17*Geometry!$C$23)) -> -42302.183 | Z17: =IF(NOT(ISNUMBER($A17)),"",Geometry!$C$24^2-(U17^2+V17^2+W17^2)-(Geometry!$C$18^2+Geometry!$C$19^2+Geometry!$C$20^2)) -> 21840.302 | AA17: =IF(NOT(ISNUMBER($A17)),"",SQRT(X17^2+Y17^2)) -> 42477.797 | AB17: =IF(OR(NOT(ISNUMBER($A17)),AA17<0.000000000001),"",MAX(-1,MIN(1,Z17/AA17))) -> 0.51415807 | AC17: =IF(OR(NOT(ISNUMBER($A17)),AA17<0.000000000001),"",IF(Y17>=0,ACOS(MAX(-1,MIN(1,X17/AA17))),-ACOS(MAX(-1,MIN(1,X17/AA17))))) -> -1.4798335 | AD17: =IF(AB17="","",ACOS(AB17)) -> 1.0307706 | AE17: =IF(AC17="","",MOD(AC17+Geometry!$C$47*AD17+PI(),2*PI())-PI()) -> -0.44906296 | AF17: =IF(NOT(ISNUMBER($A17)),"",AND(AA17>=0.000000000001,ABS(Z17)<=AA17+0.00000001)) -> TRUE | AG17: =IF(AF17=FALSE,"",IF((Geometry!$C$28*COS(AE17)+Geometry!$C$32*SIN(AE17)+Geometry!$C$8*Geometry!$C$30*(1-COS(AE17)))>=0,1,-1)*ACOS(MAX(-1,MIN(1,(Geometry!$C$27*COS(AE17)+Geometry!$C$31*SIN(AE17)+Geometry!$C$7*Geometry!$C$30*(1-COS(AE17)))/SQRT((Geometry!$C$27*COS(AE17)+Geometry!$C$31*SIN(AE17)+Geometry!$C$7*Geometry!$C$30*(1-COS(AE17)))^2+(Geometry!$C$28*COS(AE17)+Geometry!$C$32*SIN(AE17)+Geometry!$C$8*Geometry!$C$30*(1-COS(AE17)))^2))))*180/PI()) -> -25.366402
A18: =IF(Inputs!$E$9+16*Inputs!$E$11<=Inputs!$E$10,Inputs!$E$9+16*Inputs!$E$11,"") -> -44 | B18: =IF(NOT(ISNUMBER($A18)),"",Inputs!$B$17+$A18*Inputs!$E$6/SQRT(Inputs!$E$6^2+Inputs!$E$7^2+Inputs!$E$8^2)) -> 919.873 | C18: =IF(NOT(ISNUMBER($A18)),"",Inputs!$C$17+$A18*Inputs!$E$7/SQRT(Inputs!$E$6^2+Inputs!$E$7^2+Inputs!$E$8^2)) -> 213.454 | D18: =IF(NOT(ISNUMBER($A18)),"",Inputs!$D$17+$A18*Inputs!$E$8/SQRT(Inputs!$E$6^2+Inputs!$E$7^2+Inputs!$E$8^2)) -> 182.189 | E18: =IF(NOT(ISNUMBER($A18)),"",Inputs!$B$15+Geometry!$B$15-B18) -> -24.932661 | F18: =IF(NOT(ISNUMBER($A18)),"",Inputs!$C$15+Geometry!$B$16-C18) -> 227.76798 | G18: =IF(NOT(ISNUMBER($A18)),"",Inputs!$D$15+Geometry!$B$17-D18) -> 11.015352 | H18: =IF(NOT(ISNUMBER($A18)),"",2*(E18*Geometry!$B$18+F18*Geometry!$B$19+G18*Geometry!$B$20)) -> 10716.737 | I18: =IF(NOT(ISNUMBER($A18)),"",2*(E18*Geometry!$B$21+F18*Geometry!$B$22+G18*Geometry!$B$23)) -> 67799.113 | J18: =IF(NOT(ISNUMBER($A18)),"",Geometry!$B$24^2-(E18^2+F18^2+G18^2)-(Geometry!$B$18^2+Geometry!$B$19^2+Geometry!$B$20^2)) -> -10781.399 | K18: =IF(NOT(ISNUMBER($A18)),"",SQRT(H18^2+I18^2)) -> 68640.864 | L18: =IF(OR(NOT(ISNUMBER($A18)),K18<0.000000000001),"",MAX(-1,MIN(1,J18/K18))) -> -0.15706969 | M18: =IF(OR(NOT(ISNUMBER($A18)),K18<0.000000000001),"",IF(I18>=0,ACOS(MAX(-1,MIN(1,H18/K18))),-ACOS(MAX(-1,MIN(1,H18/K18))))) -> 1.4140273 | N18: =IF(L18="","",ACOS(L18)) -> 1.7285191 | O18: =IF(M18="","",MOD(M18+Geometry!$B$47*N18+PI(),2*PI())-PI()) -> -0.31449181 | P18: =IF(NOT(ISNUMBER($A18)),"",AND(K18>=0.000000000001,ABS(J18)<=K18+0.00000001)) -> TRUE | Q18: =IF(P18=FALSE,"",IF((Geometry!$B$28*COS(O18)+Geometry!$B$32*SIN(O18)+Geometry!$B$8*Geometry!$B$30*(1-COS(O18)))>=0,1,-1)*ACOS(MAX(-1,MIN(1,(Geometry!$B$27*COS(O18)+Geometry!$B$31*SIN(O18)+Geometry!$B$7*Geometry!$B$30*(1-COS(O18)))/SQRT((Geometry!$B$27*COS(O18)+Geometry!$B$31*SIN(O18)+Geometry!$B$7*Geometry!$B$30*(1-COS(O18)))^2+(Geometry!$B$28*COS(O18)+Geometry!$B$32*SIN(O18)+Geometry!$B$8*Geometry!$B$30*(1-COS(O18)))^2))))*180/PI()) -> -17.669715 | R18: =IF(NOT(ISNUMBER($A18)),"",Inputs!$B$21+$A18*Inputs!$E$6/SQRT(Inputs!$E$6^2+Inputs!$E$7^2+Inputs!$E$8^2)) -> 919.873 | S18: =IF(NOT(ISNUMBER($A18)),"",Inputs!$C$21+$A18*Inputs!$E$7/SQRT(Inputs!$E$6^2+Inputs!$E$7^2+Inputs!$E$8^2)) -> -301.454 | T18: =IF(NOT(ISNUMBER($A18)),"",Inputs!$D$21+$A18*Inputs!$E$8/SQRT(Inputs!$E$6^2+Inputs!$E$7^2+Inputs!$E$8^2)) -> 182.189 | U18: =IF(NOT(ISNUMBER($A18)),"",Inputs!$B$19+Geometry!$C$15-R18) -> -24.932661 | V18: =IF(NOT(ISNUMBER($A18)),"",Inputs!$C$19+Geometry!$C$16-S18) -> -139.76798 | W18: =IF(NOT(ISNUMBER($A18)),"",Inputs!$D$19+Geometry!$C$17-T18) -> 11.015352 | X18: =IF(NOT(ISNUMBER($A18)),"",2*(U18*Geometry!$C$18+V18*Geometry!$C$19+W18*Geometry!$C$20)) -> 3935.6303 | Y18: =IF(NOT(ISNUMBER($A18)),"",2*(U18*Geometry!$C$21+V18*Geometry!$C$22+W18*Geometry!$C$23)) -> -42588.665 | Z18: =IF(NOT(ISNUMBER($A18)),"",Geometry!$C$24^2-(U18^2+V18^2+W18^2)-(Geometry!$C$18^2+Geometry!$C$19^2+Geometry!$C$20^2)) -> 21561.766 | AA18: =IF(NOT(ISNUMBER($A18)),"",SQRT(X18^2+Y18^2)) -> 42770.125 | AB18: =IF(OR(NOT(ISNUMBER($A18)),AA18<0.000000000001),"",MAX(-1,MIN(1,Z18/AA18))) -> 0.50413148 | AC18: =IF(OR(NOT(ISNUMBER($A18)),AA18<0.000000000001),"",IF(Y18>=0,ACOS(MAX(-1,MIN(1,X18/AA18))),-ACOS(MAX(-1,MIN(1,X18/AA18))))) -> -1.4786478 | AD18: =IF(AB18="","",ACOS(AB18)) -> 1.0424203 | AE18: =IF(AC18="","",MOD(AC18+Geometry!$C$47*AD18+PI(),2*PI())-PI()) -> -0.43622744 | AF18: =IF(NOT(ISNUMBER($A18)),"",AND(AA18>=0.000000000001,ABS(Z18)<=AA18+0.00000001)) -> TRUE | AG18: =IF(AF18=FALSE,"",IF((Geometry!$C$28*COS(AE18)+Geometry!$C$32*SIN(AE18)+Geometry!$C$8*Geometry!$C$30*(1-COS(AE18)))>=0,1,-1)*ACOS(MAX(-1,MIN(1,(Geometry!$C$27*COS(AE18)+Geometry!$C$31*SIN(AE18)+Geometry!$C$7*Geometry!$C$30*(1-COS(AE18)))/SQRT((Geometry!$C$27*COS(AE18)+Geometry!$C$31*SIN(AE18)+Geometry!$C$7*Geometry!$C$30*(1-COS(AE18)))^2+(Geometry!$C$28*COS(AE18)+Geometry!$C$32*SIN(AE18)+Geometry!$C$8*Geometry!$C$30*(1-COS(AE18)))^2))))*180/PI()) -> -24.637443
A19: =IF(Inputs!$E$9+17*Inputs!$E$11<=Inputs!$E$10,Inputs!$E$9+17*Inputs!$E$11,"") -> -43 | B19: =IF(NOT(ISNUMBER($A19)),"",Inputs!$B$17+$A19*Inputs!$E$6/SQRT(Inputs!$E$6^2+Inputs!$E$7^2+Inputs!$E$8^2)) -> 919.873 | C19: =IF(NOT(ISNUMBER($A19)),"",Inputs!$C$17+$A19*Inputs!$E$7/SQRT(Inputs!$E$6^2+Inputs!$E$7^2+Inputs!$E$8^2)) -> 214.454 | D19: =IF(NOT(ISNUMBER($A19)),"",Inputs!$D$17+$A19*Inputs!$E$8/SQRT(Inputs!$E$6^2+Inputs!$E$7^2+Inputs!$E$8^2)) -> 182.189 | E19: =IF(NOT(ISNUMBER($A19)),"",Inputs!$B$15+Geometry!$B$15-B19) -> -24.932661 | F19: =IF(NOT(ISNUMBER($A19)),"",Inputs!$C$15+Geometry!$B$16-C19) -> 226.76798 | G19: =IF(NOT(ISNUMBER($A19)),"",Inputs!$D$15+Geometry!$B$17-D19) -> 11.015352 | H19: =IF(NOT(ISNUMBER($A19)),"",2*(E19*Geometry!$B$18+F19*Geometry!$B$19+G19*Geometry!$B$20)) -> 10639.679 | I19: =IF(NOT(ISNUMBER($A19)),"",2*(E19*Geometry!$B$21+F19*Geometry!$B$22+G19*Geometry!$B$23)) -> 67512.631 | J19: =IF(NOT(ISNUMBER($A19)),"",Geometry!$B$24^2-(E19^2+F19^2+G19^2)-(Geometry!$B$18^2+Geometry!$B$19^2+Geometry!$B$20^2)) -> -10326.863 | K19: =IF(NOT(ISNUMBER($A19)),"",SQRT(H19^2+I19^2)) -> 68345.871 | L19: =IF(OR(NOT(ISNUMBER($A19)),K19<0.000000000001),"",MAX(-1,MIN(1,J19/K19))) -> -0.1510971 | M19: =IF(OR(NOT(ISNUMBER($A19)),K19<0.000000000001),"",IF(I19>=0,ACOS(MAX(-1,MIN(1,H19/K19))),-ACOS(MAX(-1,MIN(1,H19/K19))))) -> 1.4144865 | N19: =IF(L19="","",ACOS(L19)) -> 1.7224743 | O19: =IF(M19="","",MOD(M19+Geometry!$B$47*N19+PI(),2*PI())-PI()) -> -0.30798781 | P19: =IF(NOT(ISNUMBER($A19)),"",AND(K19>=0.000000000001,ABS(J19)<=K19+0.00000001)) -> TRUE | Q19: =IF(P19=FALSE,"",IF((Geometry!$B$28*COS(O19)+Geometry!$B$32*SIN(O19)+Geometry!$B$8*Geometry!$B$30*(1-COS(O19)))>=0,1,-1)*ACOS(MAX(-1,MIN(1,(Geometry!$B$27*COS(O19)+Geometry!$B$31*SIN(O19)+Geometry!$B$7*Geometry!$B$30*(1-COS(O19)))/SQRT((Geometry!$B$27*COS(O19)+Geometry!$B$31*SIN(O19)+Geometry!$B$7*Geometry!$B$30*(1-COS(O19)))^2+(Geometry!$B$28*COS(O19)+Geometry!$B$32*SIN(O19)+Geometry!$B$8*Geometry!$B$30*(1-COS(O19)))^2))))*180/PI()) -> -17.304229 | R19: =IF(NOT(ISNUMBER($A19)),"",Inputs!$B$21+$A19*Inputs!$E$6/SQRT(Inputs!$E$6^2+Inputs!$E$7^2+Inputs!$E$8^2)) -> 919.873 | S19: =IF(NOT(ISNUMBER($A19)),"",Inputs!$C$21+$A19*Inputs!$E$7/SQRT(Inputs!$E$6^2+Inputs!$E$7^2+Inputs!$E$8^2)) -> -300.454 | T19: =IF(NOT(ISNUMBER($A19)),"",Inputs!$D$21+$A19*Inputs!$E$8/SQRT(Inputs!$E$6^2+Inputs!$E$7^2+Inputs!$E$8^2)) -> 182.189 | U19: =IF(NOT(ISNUMBER($A19)),"",Inputs!$B$19+Geometry!$C$15-R19) -> -24.932661 | V19: =IF(NOT(ISNUMBER($A19)),"",Inputs!$C$19+Geometry!$C$16-S19) -> -140.76798 | W19: =IF(NOT(ISNUMBER($A19)),"",Inputs!$D$19+Geometry!$C$17-T19) -> 11.015352 | X19: =IF(NOT(ISNUMBER($A19)),"",2*(U19*Geometry!$C$18+V19*Geometry!$C$19+W19*Geometry!$C$20)) -> 4012.6883 | Y19: =IF(NOT(ISNUMBER($A19)),"",2*(U19*Geometry!$C$21+V19*Geometry!$C$22+W19*Geometry!$C$23)) -> -42875.147 | Z19: =IF(NOT(ISNUMBER($A19)),"",Geometry!$C$24^2-(U19^2+V19^2+W19^2)-(Geometry!$C$18^2+Geometry!$C$19^2+Geometry!$C$20^2)) -> 21281.23 | AA19: =IF(NOT(ISNUMBER($A19)),"",SQRT(X19^2+Y19^2)) -> 43062.512 | AB19: =IF(OR(NOT(ISNUMBER($A19)),AA19<0.000000000001),"",MAX(-1,MIN(1,Z19/AA19))) -> 0.49419389 | AC19: =IF(OR(NOT(ISNUMBER($A19)),AA19<0.000000000001),"",IF(Y19>=0,ACOS(MAX(-1,MIN(1,X19/AA19))),-ACOS(MAX(-1,MIN(1,X19/AA19))))) -> -1.4774781 | AD19: =IF(AB19="","",ACOS(AB19)) -> 1.053889 | AE19: =IF(AC19="","",MOD(AC19+Geometry!$C$47*AD19+PI(),2*PI())-PI()) -> -0.42358908 | AF19: =IF(NOT(ISNUMBER($A19)),"",AND(AA19>=0.000000000001,ABS(Z19)<=AA19+0.00000001)) -> TRUE | AG19: =IF(AF19=FALSE,"",IF((Geometry!$C$28*COS(AE19)+Geometry!$C$32*SIN(AE19)+Geometry!$C$8*Geometry!$C$30*(1-COS(AE19)))>=0,1,-1)*ACOS(MAX(-1,MIN(1,(Geometry!$C$27*COS(AE19)+Geometry!$C$31*SIN(AE19)+Geometry!$C$7*Geometry!$C$30*(1-COS(AE19)))/SQRT((Geometry!$C$27*COS(AE19)+Geometry!$C$31*SIN(AE19)+Geometry!$C$7*Geometry!$C$30*(1-COS(AE19)))^2+(Geometry!$C$28*COS(AE19)+Geometry!$C$32*SIN(AE19)+Geometry!$C$8*Geometry!$C$30*(1-COS(AE19)))^2))))*180/PI()) -> -23.919934
A20: =IF(Inputs!$E$9+18*Inputs!$E$11<=Inputs!$E$10,Inputs!$E$9+18*Inputs!$E$11,"") -> -42 | B20: =IF(NOT(ISNUMBER($A20)),"",Inputs!$B$17+$A20*Inputs!$E$6/SQRT(Inputs!$E$6^2+Inputs!$E$7^2+Inputs!$E$8^2)) -> 919.873 | C20: =IF(NOT(ISNUMBER($A20)),"",Inputs!$C$17+$A20*Inputs!$E$7/SQRT(Inputs!$E$6^2+Inputs!$E$7^2+Inputs!$E$8^2)) -> 215.454 | D20: =IF(NOT(ISNUMBER($A20)),"",Inputs!$D$17+$A20*Inputs!$E$8/SQRT(Inputs!$E$6^2+Inputs!$E$7^2+Inputs!$E$8^2)) -> 182.189 | E20: =IF(NOT(ISNUMBER($A20)),"",Inputs!$B$15+Geometry!$B$15-B20) -> -24.932661 | F20: =IF(NOT(ISNUMBER($A20)),"",Inputs!$C$15+Geometry!$B$16-C20) -> 225.76798 | G20: =IF(NOT(ISNUMBER($A20)),"",Inputs!$D$15+Geometry!$B$17-D20) -> 11.015352 | H20: =IF(NOT(ISNUMBER($A20)),"",2*(E20*Geometry!$B$18+F20*Geometry!$B$19+G20*Geometry!$B$20)) -> 10562.621 | I20: =IF(NOT(ISNUMBER($A20)),"",2*(E20*Geometry!$B$21+F20*Geometry!$B$22+G20*Geometry!$B$23)) -> 67226.148 | J20: =IF(NOT(ISNUMBER($A20)),"",Geometry!$B$24^2-(E20^2+F20^2+G20^2)-(Geometry!$B$18^2+Geometry!$B$19^2+Geometry!$B$20^2)) -> -9874.327 | K20: =IF(NOT(ISNUMBER($A20)),"",SQRT(H20^2+I20^2)) -> 68050.893 | L20: =IF(OR(NOT(ISNUMBER($A20)),K20<0.000000000001),"",MAX(-1,MIN(1,J20/K20))) -> -0.14510209 | M20: =IF(OR(NOT(ISNUMBER($A20)),K20<0.000000000001),"",IF(I20>=0,ACOS(MAX(-1,MIN(1,H20/K20))),-ACOS(MAX(-1,MIN(1,H20/K20))))) -> 1.4149497 | N20: =IF(L20="","",ACOS(L20)) -> 1.7164125 | O20: =IF(M20="","",MOD(M20+Geometry!$B$47*N20+PI(),2*PI())-PI()) -> -0.30146276 | P20: =IF(NOT(ISNUMBER($A20)),"",AND(K20>=0.000000000001,ABS(J20)<=K20+0.00000001)) -> TRUE | Q20: =IF(P20=FALSE,"",IF((Geometry!$B$28*COS(O20)+Geometry!$B$32*SIN(O20)+Geometry!$B$8*Geometry!$B$30*(1-COS(O20)))>=0,1,-1)*ACOS(MAX(-1,MIN(1,(Geometry!$B$27*COS(O20)+Geometry!$B$31*SIN(O20)+Geometry!$B$7*Geometry!$B$30*(1-COS(O20)))/SQRT((Geometry!$B$27*COS(O20)+Geometry!$B$31*SIN(O20)+Geometry!$B$7*Geometry!$B$30*(1-COS(O20)))^2+(Geometry!$B$28*COS(O20)+Geometry!$B$32*SIN(O20)+Geometry!$B$8*Geometry!$B$30*(1-COS(O20)))^2))))*180/PI()) -> -16.93758 | R20: =IF(NOT(ISNUMBER($A20)),"",Inputs!$B$21+$A20*Inputs!$E$6/SQRT(Inputs!$E$6^2+Inputs!$E$7^2+Inputs!$E$8^2)) -> 919.873 | S20: =IF(NOT(ISNUMBER($A20)),"",Inputs!$C$21+$A20*Inputs!$E$7/SQRT(Inputs!$E$6^2+Inputs!$E$7^2+Inputs!$E$8^2)) -> -299.454 | T20: =IF(NOT(ISNUMBER($A20)),"",Inputs!$D$21+$A20*Inputs!$E$8/SQRT(Inputs!$E$6^2+Inputs!$E$7^2+Inputs!$E$8^2)) -> 182.189 | U20: =IF(NOT(ISNUMBER($A20)),"",Inputs!$B$19+Geometry!$C$15-R20) -> -24.932661 | V20: =IF(NOT(ISNUMBER($A20)),"",Inputs!$C$19+Geometry!$C$16-S20) -> -141.76798 | W20: =IF(NOT(ISNUMBER($A20)),"",Inputs!$D$19+Geometry!$C$17-T20) -> 11.015352 | X20: =IF(NOT(ISNUMBER($A20)),"",2*(U20*Geometry!$C$18+V20*Geometry!$C$19+W20*Geometry!$C$20)) -> 4089.7464 | Y20: =IF(NOT(ISNUMBER($A20)),"",2*(U20*Geometry!$C$21+V20*Geometry!$C$22+W20*Geometry!$C$23)) -> -43161.63 | Z20: =IF(NOT(ISNUMBER($A20)),"",Geometry!$C$24^2-(U20^2+V20^2+W20^2)-(Geometry!$C$18^2+Geometry!$C$19^2+Geometry!$C$20^2)) -> 20998.694 | AA20: =IF(NOT(ISNUMBER($A20)),"",SQRT(X20^2+Y20^2)) -> 43354.957 | AB20: =IF(OR(NOT(ISNUMBER($A20)),AA20<0.000000000001),"",MAX(-1,MIN(1,Z20/AA20))) -> 0.48434356 | AC20: =IF(OR(NOT(ISNUMBER($A20)),AA20<0.000000000001),"",IF(Y20>=0,ACOS(MAX(-1,MIN(1,X20/AA20))),-ACOS(MAX(-1,MIN(1,X20/AA20))))) -> -1.4763242 | AD20: =IF(AB20="","",ACOS(AB20)) -> 1.0651836 | AE20: =IF(AC20="","",MOD(AC20+Geometry!$C$47*AD20+PI(),2*PI())-PI()) -> -0.41114054 | AF20: =IF(NOT(ISNUMBER($A20)),"",AND(AA20>=0.000000000001,ABS(Z20)<=AA20+0.00000001)) -> TRUE | AG20: =IF(AF20=FALSE,"",IF((Geometry!$C$28*COS(AE20)+Geometry!$C$32*SIN(AE20)+Geometry!$C$8*Geometry!$C$30*(1-COS(AE20)))>=0,1,-1)*ACOS(MAX(-1,MIN(1,(Geometry!$C$27*COS(AE20)+Geometry!$C$31*SIN(AE20)+Geometry!$C$7*Geometry!$C$30*(1-COS(AE20)))/SQRT((Geometry!$C$27*COS(AE20)+Geometry!$C$31*SIN(AE20)+Geometry!$C$7*Geometry!$C$30*(1-COS(AE20)))^2+(Geometry!$C$28*COS(AE20)+Geometry!$C$32*SIN(AE20)+Geometry!$C$8*Geometry!$C$30*(1-COS(AE20)))^2))))*180/PI()) -> -23.213446
A21: =IF(Inputs!$E$9+19*Inputs!$E$11<=Inputs!$E$10,Inputs!$E$9+19*Inputs!$E$11,"") -> -41 | B21: =IF(NOT(ISNUMBER($A21)),"",Inputs!$B$17+$A21*Inputs!$E$6/SQRT(Inputs!$E$6^2+Inputs!$E$7^2+Inputs!$E$8^2)) -> 919.873 | C21: =IF(NOT(ISNUMBER($A21)),"",Inputs!$C$17+$A21*Inputs!$E$7/SQRT(Inputs!$E$6^2+Inputs!$E$7^2+Inputs!$E$8^2)) -> 216.454 | D21: =IF(NOT(ISNUMBER($A21)),"",Inputs!$D$17+$A21*Inputs!$E$8/SQRT(Inputs!$E$6^2+Inputs!$E$7^2+Inputs!$E$8^2)) -> 182.189 | E21: =IF(NOT(ISNUMBER($A21)),"",Inputs!$B$15+Geometry!$B$15-B21) -> -24.932661 | F21: =IF(NOT(ISNUMBER($A21)),"",Inputs!$C$15+Geometry!$B$16-C21) -> 224.76798 | G21: =IF(NOT(ISNUMBER($A21)),"",Inputs!$D$15+Geometry!$B$17-D21) -> 11.015352 | H21: =IF(NOT(ISNUMBER($A21)),"",2*(E21*Geometry!$B$18+F21*Geometry!$B$19+G21*Geometry!$B$20)) -> 10485.563 | I21: =IF(NOT(ISNUMBER($A21)),"",2*(E21*Geometry!$B$21+F21*Geometry!$B$22+G21*Geometry!$B$23)) -> 66939.666 | J21: =IF(NOT(ISNUMBER($A21)),"",Geometry!$B$24^2-(E21^2+F21^2+G21^2)-(Geometry!$B$18^2+Geometry!$B$19^2+Geometry!$B$20^2)) -> -9423.7911 | K21: =IF(NOT(ISNUMBER($A21)),"",SQRT(H21^2+I21^2)) -> 67755.929 | L21: =IF(OR(NOT(ISNUMBER($A21)),K21<0.000000000001),"",MAX(-1,MIN(1,J21/K21))) -> -0.13908438 | M21: =IF(OR(NOT(ISNUMBER($A21)),K21<0.000000000001),"",IF(I21>=0,ACOS(MAX(-1,MIN(1,H21/K21))),-ACOS(MAX(-1,MIN(1,H21/K21))))) -> 1.415417 | N21: =IF(L21="","",ACOS(L21)) -> 1.7103331 | O21: =IF(M21="","",MOD(M21+Geometry!$B$47*N21+PI(),2*PI())-PI()) -> -0.29491612 | P21: =IF(NOT(ISNUMBER($A21)),"",AND(K21>=0.000000000001,ABS(J21)<=K21+0.00000001)) -> TRUE | Q21: =IF(P21=FALSE,"",IF((Geometry!$B$28*COS(O21)+Geometry!$B$32*SIN(O21)+Geometry!$B$8*Geometry!$B$30*(1-COS(O21)))>=0,1,-1)*ACOS(MAX(-1,MIN(1,(Geometry!$B$27*COS(O21)+Geometry!$B$31*SIN(O21)+Geometry!$B$7*Geometry!$B$30*(1-COS(O21)))/SQRT((Geometry!$B$27*COS(O21)+Geometry!$B$31*SIN(O21)+Geometry!$B$7*Geometry!$B$30*(1-COS(O21)))^2+(Geometry!$B$28*COS(O21)+Geometry!$B$32*SIN(O21)+Geometry!$B$8*Geometry!$B$30*(1-COS(O21)))^2))))*180/PI()) -> -16.569736 | R21: =IF(NOT(ISNUMBER($A21)),"",Inputs!$B$21+$A21*Inputs!$E$6/SQRT(Inputs!$E$6^2+Inputs!$E$7^2+Inputs!$E$8^2)) -> 919.873 | S21: =IF(NOT(ISNUMBER($A21)),"",Inputs!$C$21+$A21*Inputs!$E$7/SQRT(Inputs!$E$6^2+Inputs!$E$7^2+Inputs!$E$8^2)) -> -298.454 | T21: =IF(NOT(ISNUMBER($A21)),"",Inputs!$D$21+$A21*Inputs!$E$8/SQRT(Inputs!$E$6^2+Inputs!$E$7^2+Inputs!$E$8^2)) -> 182.189 | U21: =IF(NOT(ISNUMBER($A21)),"",Inputs!$B$19+Geometry!$C$15-R21) -> -24.932661 | V21: =IF(NOT(ISNUMBER($A21)),"",Inputs!$C$19+Geometry!$C$16-S21) -> -142.76798 | W21: =IF(NOT(ISNUMBER($A21)),"",Inputs!$D$19+Geometry!$C$17-T21) -> 11.015352 | X21: =IF(NOT(ISNUMBER($A21)),"",2*(U21*Geometry!$C$18+V21*Geometry!$C$19+W21*Geometry!$C$20)) -> 4166.8044 | Y21: =IF(NOT(ISNUMBER($A21)),"",2*(U21*Geometry!$C$21+V21*Geometry!$C$22+W21*Geometry!$C$23)) -> -43448.112 | Z21: =IF(NOT(ISNUMBER($A21)),"",Geometry!$C$24^2-(U21^2+V21^2+W21^2)-(Geometry!$C$18^2+Geometry!$C$19^2+Geometry!$C$20^2)) -> 20714.158 | AA21: =IF(NOT(ISNUMBER($A21)),"",SQRT(X21^2+Y21^2)) -> 43647.459 | AB21: =IF(OR(NOT(ISNUMBER($A21)),AA21<0.000000000001),"",MAX(-1,MIN(1,Z21/AA21))) -> 0.47457879 | AC21: =IF(OR(NOT(ISNUMBER($A21)),AA21<0.000000000001),"",IF(Y21>=0,ACOS(MAX(-1,MIN(1,X21/AA21))),-ACOS(MAX(-1,MIN(1,X21/AA21))))) -> -1.4751857 | AD21: =IF(AB21="","",ACOS(AB21)) -> 1.0763109 | AE21: =IF(AC21="","",MOD(AC21+Geometry!$C$47*AD21+PI(),2*PI())-PI()) -> -0.39887484 | AF21: =IF(NOT(ISNUMBER($A21)),"",AND(AA21>=0.000000000001,ABS(Z21)<=AA21+0.00000001)) -> TRUE | AG21: =IF(AF21=FALSE,"",IF((Geometry!$C$28*COS(AE21)+Geometry!$C$32*SIN(AE21)+Geometry!$C$8*Geometry!$C$30*(1-COS(AE21)))>=0,1,-1)*ACOS(MAX(-1,MIN(1,(Geometry!$C$27*COS(AE21)+Geometry!$C$31*SIN(AE21)+Geometry!$C$7*Geometry!$C$30*(1-COS(AE21)))/SQRT((Geometry!$C$27*COS(AE21)+Geometry!$C$31*SIN(AE21)+Geometry!$C$7*Geometry!$C$30*(1-COS(AE21)))^2+(Geometry!$C$28*COS(AE21)+Geometry!$C$32*SIN(AE21)+Geometry!$C$8*Geometry!$C$30*(1-COS(AE21)))^2))))*180/PI()) -> -22.517572
A22: =IF(Inputs!$E$9+20*Inputs!$E$11<=Inputs!$E$10,Inputs!$E$9+20*Inputs!$E$11,"") -> -40 | B22: =IF(NOT(ISNUMBER($A22)),"",Inputs!$B$17+$A22*Inputs!$E$6/SQRT(Inputs!$E$6^2+Inputs!$E$7^2+Inputs!$E$8^2)) -> 919.873 | C22: =IF(NOT(ISNUMBER($A22)),"",Inputs!$C$17+$A22*Inputs!$E$7/SQRT(Inputs!$E$6^2+Inputs!$E$7^2+Inputs!$E$8^2)) -> 217.454 | D22: =IF(NOT(ISNUMBER($A22)),"",Inputs!$D$17+$A22*Inputs!$E$8/SQRT(Inputs!$E$6^2+Inputs!$E$7^2+Inputs!$E$8^2)) -> 182.189 | E22: =IF(NOT(ISNUMBER($A22)),"",Inputs!$B$15+Geometry!$B$15-B22) -> -24.932661 | F22: =IF(NOT(ISNUMBER($A22)),"",Inputs!$C$15+Geometry!$B$16-C22) -> 223.76798 | G22: =IF(NOT(ISNUMBER($A22)),"",Inputs!$D$15+Geometry!$B$17-D22) -> 11.015352 | H22: =IF(NOT(ISNUMBER($A22)),"",2*(E22*Geometry!$B$18+F22*Geometry!$B$19+G22*Geometry!$B$20)) -> 10408.505 | I22: =IF(NOT(ISNUMBER($A22)),"",2*(E22*Geometry!$B$21+F22*Geometry!$B$22+G22*Geometry!$B$23)) -> 66653.184 | J22: =IF(NOT(ISNUMBER($A22)),"",Geometry!$B$24^2-(E22^2+F22^2+G22^2)-(Geometry!$B$18^2+Geometry!$B$19^2+Geometry!$B$20^2)) -> -8975.2551 | K22: =IF(NOT(ISNUMBER($A22)),"",SQRT(H22^2+I22^2)) -> 67460.98 | L22: =IF(OR(NOT(ISNUMBER($A22)),K22<0.000000000001),"",MAX(-1,MIN(1,J22/K22))) -> -0.13304365 | M22: =IF(OR(NOT(ISNUMBER($A22)),K22<0.000000000001),"",IF(I22>=0,ACOS(MAX(-1,MIN(1,H22/K22))),-ACOS(MAX(-1,MIN(1,H22/K22))))) -> 1.4158883 | N22: =IF(L22="","",ACOS(L22)) -> 1.7042356 | O22: =IF(M22="","",MOD(M22+Geometry!$B$47*N22+PI(),2*PI())-PI()) -> -0.28834736 | P22: =IF(NOT(ISNUMBER($A22)),"",AND(K22>=0.000000000001,ABS(J22)<=K22+0.00000001)) -> TRUE | Q22: =IF(P22=FALSE,"",IF((Geometry!$B$28*COS(O22)+Geometry!$B$32*SIN(O22)+Geometry!$B$8*Geometry!$B$30*(1-COS(O22)))>=0,1,-1)*ACOS(MAX(-1,MIN(1,(Geometry!$B$27*COS(O22)+Geometry!$B$31*SIN(O22)+Geometry!$B$7*Geometry!$B$30*(1-COS(O22)))/SQRT((Geometry!$B$27*COS(O22)+Geometry!$B$31*SIN(O22)+Geometry!$B$7*Geometry!$B$30*(1-COS(O22)))^2+(Geometry!$B$28*COS(O22)+Geometry!$B$32*SIN(O22)+Geometry!$B$8*Geometry!$B$30*(1-COS(O22)))^2))))*180/PI()) -> -16.200668 | R22: =IF(NOT(ISNUMBER($A22)),"",Inputs!$B$21+$A22*Inputs!$E$6/SQRT(Inputs!$E$6^2+Inputs!$E$7^2+Inputs!$E$8^2)) -> 919.873 | S22: =IF(NOT(ISNUMBER($A22)),"",Inputs!$C$21+$A22*Inputs!$E$7/SQRT(Inputs!$E$6^2+Inputs!$E$7^2+Inputs!$E$8^2)) -> -297.454 | T22: =IF(NOT(ISNUMBER($A22)),"",Inputs!$D$21+$A22*Inputs!$E$8/SQRT(Inputs!$E$6^2+Inputs!$E$7^2+Inputs!$E$8^2)) -> 182.189 | U22: =IF(NOT(ISNUMBER($A22)),"",Inputs!$B$19+Geometry!$C$15-R22) -> -24.932661 | V22: =IF(NOT(ISNUMBER($A22)),"",Inputs!$C$19+Geometry!$C$16-S22) -> -143.76798 | W22: =IF(NOT(ISNUMBER($A22)),"",Inputs!$D$19+Geometry!$C$17-T22) -> 11.015352 | X22: =IF(NOT(ISNUMBER($A22)),"",2*(U22*Geometry!$C$18+V22*Geometry!$C$19+W22*Geometry!$C$20)) -> 4243.8624 | Y22: =IF(NOT(ISNUMBER($A22)),"",2*(U22*Geometry!$C$21+V22*Geometry!$C$22+W22*Geometry!$C$23)) -> -43734.595 | Z22: =IF(NOT(ISNUMBER($A22)),"",Geometry!$C$24^2-(U22^2+V22^2+W22^2)-(Geometry!$C$18^2+Geometry!$C$19^2+Geometry!$C$20^2)) -> 20427.622 | AA22: =IF(NOT(ISNUMBER($A22)),"",SQRT(X22^2+Y22^2)) -> 43940.017 | AB22: =IF(OR(NOT(ISNUMBER($A22)),AA22<0.000000000001),"",MAX(-1,MIN(1,Z22/AA22))) -> 0.46489791 | AC22: =IF(OR(NOT(ISNUMBER($A22)),AA22<0.000000000001),"",IF(Y22>=0,ACOS(MAX(-1,MIN(1,X22/AA22))),-ACOS(MAX(-1,MIN(1,X22/AA22))))) -> -1.4740624 | AD22: =IF(AB22="","",ACOS(AB22)) -> 1.087277 | AE22: =IF(AC22="","",MOD(AC22+Geometry!$C$47*AD22+PI(),2*PI())-PI()) -> -0.38678543 | AF22: =IF(NOT(ISNUMBER($A22)),"",AND(AA22>=0.000000000001,ABS(Z22)<=AA22+0.00000001)) -> TRUE | AG22: =IF(AF22=FALSE,"",IF((Geometry!$C$28*COS(AE22)+Geometry!$C$32*SIN(AE22)+Geometry!$C$8*Geometry!$C$30*(1-COS(AE22)))>=0,1,-1)*ACOS(MAX(-1,MIN(1,(Geometry!$C$27*COS(AE22)+Geometry!$C$31*SIN(AE22)+Geometry!$C$7*Geometry!$C$30*(1-COS(AE22)))/SQRT((Geometry!$C$27*COS(AE22)+Geometry!$C$31*SIN(AE22)+Geometry!$C$7*Geometry!$C$30*(1-COS(AE22)))^2+(Geometry!$C$28*COS(AE22)+Geometry!$C$32*SIN(AE22)+Geometry!$C$8*Geometry!$C$30*(1-COS(AE22)))^2))))*180/PI()) -> -21.831927
A23: =IF(Inputs!$E$9+21*Inputs!$E$11<=Inputs!$E$10,Inputs!$E$9+21*Inputs!$E$11,"") -> -39 | B23: =IF(NOT(ISNUMBER($A23)),"",Inputs!$B$17+$A23*Inputs!$E$6/SQRT(Inputs!$E$6^2+Inputs!$E$7^2+Inputs!$E$8^2)) -> 919.873 | C23: =IF(NOT(ISNUMBER($A23)),"",Inputs!$C$17+$A23*Inputs!$E$7/SQRT(Inputs!$E$6^2+Inputs!$E$7^2+Inputs!$E$8^2)) -> 218.454 | D23: =IF(NOT(ISNUMBER($A23)),"",Inputs!$D$17+$A23*Inputs!$E$8/SQRT(Inputs!$E$6^2+Inputs!$E$7^2+Inputs!$E$8^2)) -> 182.189 | E23: =IF(NOT(ISNUMBER($A23)),"",Inputs!$B$15+Geometry!$B$15-B23) -> -24.932661 | F23: =IF(NOT(ISNUMBER($A23)),"",Inputs!$C$15+Geometry!$B$16-C23) -> 222.76798 | G23: =IF(NOT(ISNUMBER($A23)),"",Inputs!$D$15+Geometry!$B$17-D23) -> 11.015352 | H23: =IF(NOT(ISNUMBER($A23)),"",2*(E23*Geometry!$B$18+F23*Geometry!$B$19+G23*Geometry!$B$20)) -> 10331.447 | I23: =IF(NOT(ISNUMBER($A23)),"",2*(E23*Geometry!$B$21+F23*Geometry!$B$22+G23*Geometry!$B$23)) -> 66366.701 | J23: =IF(NOT(ISNUMBER($A23)),"",Geometry!$B$24^2-(E23^2+F23^2+G23^2)-(Geometry!$B$18^2+Geometry!$B$19^2+Geometry!$B$20^2)) -> -8528.7191 | K23: =IF(NOT(ISNUMBER($A23)),"",SQRT(H23^2+I23^2)) -> 67166.047 | L23: =IF(OR(NOT(ISNUMBER($A23)),K23<0.000000000001),"",MAX(-1,MIN(1,J23/K23))) -> -0.12697962 | M23: =IF(OR(NOT(ISNUMBER($A23)),K23<0.000000000001),"",IF(I23>=0,ACOS(MAX(-1,MIN(1,H23/K23))),-ACOS(MAX(-1,MIN(1,H23/K23))))) -> 1.4163637 | N23: =IF(L23="","",ACOS(L23)) -> 1.6981197 | O23: =IF(M23="","",MOD(M23+Geometry!$B$47*N23+PI(),2*PI())-PI()) -> -0.28175596 | P23: =IF(NOT(ISNUMBER($A23)),"",AND(K23>=0.000000000001,ABS(J23)<=K23+0.00000001)) -> TRUE | Q23: =IF(P23=FALSE,"",IF((Geometry!$B$28*COS(O23)+Geometry!$B$32*SIN(O23)+Geometry!$B$8*Geometry!$B$30*(1-COS(O23)))>=0,1,-1)*ACOS(MAX(-1,MIN(1,(Geometry!$B$27*COS(O23)+Geometry!$B$31*SIN(O23)+Geometry!$B$7*Geometry!$B$30*(1-COS(O23)))/SQRT((Geometry!$B$27*COS(O23)+Geometry!$B$31*SIN(O23)+Geometry!$B$7*Geometry!$B$30*(1-COS(O23)))^2+(Geometry!$B$28*COS(O23)+Geometry!$B$32*SIN(O23)+Geometry!$B$8*Geometry!$B$30*(1-COS(O23)))^2))))*180/PI()) -> -15.830343 | R23: =IF(NOT(ISNUMBER($A23)),"",Inputs!$B$21+$A23*Inputs!$E$6/SQRT(Inputs!$E$6^2+Inputs!$E$7^2+Inputs!$E$8^2)) -> 919.873 | S23: =IF(NOT(ISNUMBER($A23)),"",Inputs!$C$21+$A23*Inputs!$E$7/SQRT(Inputs!$E$6^2+Inputs!$E$7^2+Inputs!$E$8^2)) -> -296.454 | T23: =IF(NOT(ISNUMBER($A23)),"",Inputs!$D$21+$A23*Inputs!$E$8/SQRT(Inputs!$E$6^2+Inputs!$E$7^2+Inputs!$E$8^2)) -> 182.189 | U23: =IF(NOT(ISNUMBER($A23)),"",Inputs!$B$19+Geometry!$C$15-R23) -> -24.932661 | V23: =IF(NOT(ISNUMBER($A23)),"",Inputs!$C$19+Geometry!$C$16-S23) -> -144.76798 | W23: =IF(NOT(ISNUMBER($A23)),"",Inputs!$D$19+Geometry!$C$17-T23) -> 11.015352 | X23: =IF(NOT(ISNUMBER($A23)),"",2*(U23*Geometry!$C$18+V23*Geometry!$C$19+W23*Geometry!$C$20)) -> 4320.9205 | Y23: =IF(NOT(ISNUMBER($A23)),"",2*(U23*Geometry!$C$21+V23*Geometry!$C$22+W23*Geometry!$C$23)) -> -44021.077 | Z23: =IF(NOT(ISNUMBER($A23)),"",Geometry!$C$24^2-(U23^2+V23^2+W23^2)-(Geometry!$C$18^2+Geometry!$C$19^2+Geometry!$C$20^2)) -> 20139.086 | AA23: =IF(NOT(ISNUMBER($A23)),"",SQRT(X23^2+Y23^2)) -> 44232.63 | AB23: =IF(OR(NOT(ISNUMBER($A23)),AA23<0.000000000001),"",MAX(-1,MIN(1,Z23/AA23))) -> 0.45529932 | AC23: =IF(OR(NOT(ISNUMBER($A23)),AA23<0.000000000001),"",IF(Y23>=0,ACOS(MAX(-1,MIN(1,X23/AA23))),-ACOS(MAX(-1,MIN(1,X23/AA23))))) -> -1.472954 | AD23: =IF(AB23="","",ACOS(AB23)) -> 1.098088 | AE23: =IF(AC23="","",MOD(AC23+Geometry!$C$47*AD23+PI(),2*PI())-PI()) -> -0.37486607 | AF23: =IF(NOT(ISNUMBER($A23)),"",AND(AA23>=0.000000000001,ABS(Z23)<=AA23+0.00000001)) -> TRUE | AG23: =IF(AF23=FALSE,"",IF((Geometry!$C$28*COS(AE23)+Geometry!$C$32*SIN(AE23)+Geometry!$C$8*Geometry!$C$30*(1-COS(AE23)))>=0,1,-1)*ACOS(MAX(-1,MIN(1,(Geometry!$C$27*COS(AE23)+Geometry!$C$31*SIN(AE23)+Geometry!$C$7*Geometry!$C$30*(1-COS(AE23)))/SQRT((Geometry!$C$27*COS(AE23)+Geometry!$C$31*SIN(AE23)+Geometry!$C$7*Geometry!$C$30*(1-COS(AE23)))^2+(Geometry!$C$28*COS(AE23)+Geometry!$C$32*SIN(AE23)+Geometry!$C$8*Geometry!$C$30*(1-COS(AE23)))^2))))*180/PI()) -> -21.156147
A24: =IF(Inputs!$E$9+22*Inputs!$E$11<=Inputs!$E$10,Inputs!$E$9+22*Inputs!$E$11,"") -> -38 | B24: =IF(NOT(ISNUMBER($A24)),"",Inputs!$B$17+$A24*Inputs!$E$6/SQRT(Inputs!$E$6^2+Inputs!$E$7^2+Inputs!$E$8^2)) -> 919.873 | C24: =IF(NOT(ISNUMBER($A24)),"",Inputs!$C$17+$A24*Inputs!$E$7/SQRT(Inputs!$E$6^2+Inputs!$E$7^2+Inputs!$E$8^2)) -> 219.454 | D24: =IF(NOT(ISNUMBER($A24)),"",Inputs!$D$17+$A24*Inputs!$E$8/SQRT(Inputs!$E$6^2+Inputs!$E$7^2+Inputs!$E$8^2)) -> 182.189 | E24: =IF(NOT(ISNUMBER($A24)),"",Inputs!$B$15+Geometry!$B$15-B24) -> -24.932661 | F24: =IF(NOT(ISNUMBER($A24)),"",Inputs!$C$15+Geometry!$B$16-C24) -> 221.76798 | G24: =IF(NOT(ISNUMBER($A24)),"",Inputs!$D$15+Geometry!$B$17-D24) -> 11.015352 | H24: =IF(NOT(ISNUMBER($A24)),"",2*(E24*Geometry!$B$18+F24*Geometry!$B$19+G24*Geometry!$B$20)) -> 10254.389 | I24: =IF(NOT(ISNUMBER($A24)),"",2*(E24*Geometry!$B$21+F24*Geometry!$B$22+G24*Geometry!$B$23)) -> 66080.219 | J24: =IF(NOT(ISNUMBER($A24)),"",Geometry!$B$24^2-(E24^2+F24^2+G24^2)-(Geometry!$B$18^2+Geometry!$B$19^2+Geometry!$B$20^2)) -> -8084.1831 | K24: =IF(NOT(ISNUMBER($A24)),"",SQRT(H24^2+I24^2)) -> 66871.129 | L24: =IF(OR(NOT(ISNUMBER($A24)),K24<0.000000000001),"",MAX(-1,MIN(1,J24/K24))) -> -0.12089198 | M24: =IF(OR(NOT(ISNUMBER($A24)),K24<0.000000000001),"",IF(I24>=0,ACOS(MAX(-1,MIN(1,H24/K24))),-ACOS(MAX(-1,MIN(1,H24/K24))))) -> 1.4168434 | N24: =IF(L24="","",ACOS(L24)) -> 1.6919847 | O24: =IF(M24="","",MOD(M24+Geometry!$B$47*N24+PI(),2*PI())-PI()) -> -0.27514137 | P24: =IF(NOT(ISNUMBER($A24)),"",AND(K24>=0.000000000001,ABS(J24)<=K24+0.00000001)) -> TRUE | Q24: =IF(P24=FALSE,"",IF((Geometry!$B$28*COS(O24)+Geometry!$B$32*SIN(O24)+Geometry!$B$8*Geometry!$B$30*(1-COS(O24)))>=0,1,-1)*ACOS(MAX(-1,MIN(1,(Geometry!$B$27*COS(O24)+Geometry!$B$31*SIN(O24)+Geometry!$B$7*Geometry!$B$30*(1-COS(O24)))/SQRT((Geometry!$B$27*COS(O24)+Geometry!$B$31*SIN(O24)+Geometry!$B$7*Geometry!$B$30*(1-COS(O24)))^2+(Geometry!$B$28*COS(O24)+Geometry!$B$32*SIN(O24)+Geometry!$B$8*Geometry!$B$30*(1-COS(O24)))^2))))*180/PI()) -> -15.458731 | R24: =IF(NOT(ISNUMBER($A24)),"",Inputs!$B$21+$A24*Inputs!$E$6/SQRT(Inputs!$E$6^2+Inputs!$E$7^2+Inputs!$E$8^2)) -> 919.873 | S24: =IF(NOT(ISNUMBER($A24)),"",Inputs!$C$21+$A24*Inputs!$E$7/SQRT(Inputs!$E$6^2+Inputs!$E$7^2+Inputs!$E$8^2)) -> -295.454 | T24: =IF(NOT(ISNUMBER($A24)),"",Inputs!$D$21+$A24*Inputs!$E$8/SQRT(Inputs!$E$6^2+Inputs!$E$7^2+Inputs!$E$8^2)) -> 182.189 | U24: =IF(NOT(ISNUMBER($A24)),"",Inputs!$B$19+Geometry!$C$15-R24) -> -24.932661 | V24: =IF(NOT(ISNUMBER($A24)),"",Inputs!$C$19+Geometry!$C$16-S24) -> -145.76798 | W24: =IF(NOT(ISNUMBER($A24)),"",Inputs!$D$19+Geometry!$C$17-T24) -> 11.015352 | X24: =IF(NOT(ISNUMBER($A24)),"",2*(U24*Geometry!$C$18+V24*Geometry!$C$19+W24*Geometry!$C$20)) -> 4397.9785 | Y24: =IF(NOT(ISNUMBER($A24)),"",2*(U24*Geometry!$C$21+V24*Geometry!$C$22+W24*Geometry!$C$23)) -> -44307.559 | Z24: =IF(NOT(ISNUMBER($A24)),"",Geometry!$C$24^2-(U24^2+V24^2+W24^2)-(Geometry!$C$18^2+Geometry!$C$19^2+Geometry!$C$20^2)) -> 19848.55 | AA24: =IF(NOT(ISNUMBER($A24)),"",SQRT(X24^2+Y24^2)) -> 44525.296 | AB24: =IF(OR(NOT(ISNUMBER($A24)),AA24<0.000000000001),"",MAX(-1,MIN(1,Z24/AA24))) -> 0.44578143 | AC24: =IF(OR(NOT(ISNUMBER($A24)),AA24<0.000000000001),"",IF(Y24>=0,ACOS(MAX(-1,MIN(1,X24/AA24))),-ACOS(MAX(-1,MIN(1,X24/AA24))))) -> -1.4718602 | AD24: =IF(AB24="","",ACOS(AB24)) -> 1.1087493 | AE24: =IF(AC24="","",MOD(AC24+Geometry!$C$47*AD24+PI(),2*PI())-PI()) -> -0.36311089 | AF24: =IF(NOT(ISNUMBER($A24)),"",AND(AA24>=0.000000000001,ABS(Z24)<=AA24+0.00000001)) -> TRUE | AG24: =IF(AF24=FALSE,"",IF((Geometry!$C$28*COS(AE24)+Geometry!$C$32*SIN(AE24)+Geometry!$C$8*Geometry!$C$30*(1-COS(AE24)))>=0,1,-1)*ACOS(MAX(-1,MIN(1,(Geometry!$C$27*COS(AE24)+Geometry!$C$31*SIN(AE24)+Geometry!$C$7*Geometry!$C$30*(1-COS(AE24)))/SQRT((Geometry!$C$27*COS(AE24)+Geometry!$C$31*SIN(AE24)+Geometry!$C$7*Geometry!$C$30*(1-COS(AE24)))^2+(Geometry!$C$28*COS(AE24)+Geometry!$C$32*SIN(AE24)+Geometry!$C$8*Geometry!$C$30*(1-COS(AE24)))^2))))*180/PI()) -> -20.489888
A25: =IF(Inputs!$E$9+23*Inputs!$E$11<=Inputs!$E$10,Inputs!$E$9+23*Inputs!$E$11,"") -> -37 | B25: =IF(NOT(ISNUMBER($A25)),"",Inputs!$B$17+$A25*Inputs!$E$6/SQRT(Inputs!$E$6^2+Inputs!$E$7^2+Inputs!$E$8^2)) -> 919.873 | C25: =IF(NOT(ISNUMBER($A25)),"",Inputs!$C$17+$A25*Inputs!$E$7/SQRT(Inputs!$E$6^2+Inputs!$E$7^2+Inputs!$E$8^2)) -> 220.454 | D25: =IF(NOT(ISNUMBER($A25)),"",Inputs!$D$17+$A25*Inputs!$E$8/SQRT(Inputs!$E$6^2+Inputs!$E$7^2+Inputs!$E$8^2)) -> 182.189 | E25: =IF(NOT(ISNUMBER($A25)),"",Inputs!$B$15+Geometry!$B$15-B25) -> -24.932661 | F25: =IF(NOT(ISNUMBER($A25)),"",Inputs!$C$15+Geometry!$B$16-C25) -> 220.76798 | G25: =IF(NOT(ISNUMBER($A25)),"",Inputs!$D$15+Geometry!$B$17-D25) -> 11.015352 | H25: =IF(NOT(ISNUMBER($A25)),"",2*(E25*Geometry!$B$18+F25*Geometry!$B$19+G25*Geometry!$B$20)) -> 10177.331 | I25: =IF(NOT(ISNUMBER($A25)),"",2*(E25*Geometry!$B$21+F25*Geometry!$B$22+G25*Geometry!$B$23)) -> 65793.737 | J25: =IF(NOT(ISNUMBER($A25)),"",Geometry!$B$24^2-(E25^2+F25^2+G25^2)-(Geometry!$B$18^2+Geometry!$B$19^2+Geometry!$B$20^2)) -> -7641.6472 | K25: =IF(NOT(ISNUMBER($A25)),"",SQRT(H25^2+I25^2)) -> 66576.226 | L25: =IF(OR(NOT(ISNUMBER($A25)),K25<0.000000000001),"",MAX(-1,MIN(1,J25/K25))) -> -0.11478042 | M25: =IF(OR(NOT(ISNUMBER($A25)),K25<0.000000000001),"",IF(I25>=0,ACOS(MAX(-1,MIN(1,H25/K25))),-ACOS(MAX(-1,MIN(1,H25/K25))))) -> 1.4173273 | N25: =IF(L25="","",ACOS(L25)) -> 1.6858303 | O25: =IF(M25="","",MOD(M25+Geometry!$B$47*N25+PI(),2*PI())-PI()) -> -0.26850303 | P25: =IF(NOT(ISNUMBER($A25)),"",AND(K25>=0.000000000001,ABS(J25)<=K25+0.00000001)) -> TRUE | Q25: =IF(P25=FALSE,"",IF((Geometry!$B$28*COS(O25)+Geometry!$B$32*SIN(O25)+Geometry!$B$8*Geometry!$B$30*(1-COS(O25)))>=0,1,-1)*ACOS(MAX(-1,MIN(1,(Geometry!$B$27*COS(O25)+Geometry!$B$31*SIN(O25)+Geometry!$B$7*Geometry!$B$30*(1-COS(O25)))/SQRT((Geometry!$B$27*COS(O25)+Geometry!$B$31*SIN(O25)+Geometry!$B$7*Geometry!$B$30*(1-COS(O25)))^2+(Geometry!$B$28*COS(O25)+Geometry!$B$32*SIN(O25)+Geometry!$B$8*Geometry!$B$30*(1-COS(O25)))^2))))*180/PI()) -> -15.085799 | R25: =IF(NOT(ISNUMBER($A25)),"",Inputs!$B$21+$A25*Inputs!$E$6/SQRT(Inputs!$E$6^2+Inputs!$E$7^2+Inputs!$E$8^2)) -> 919.873 | S25: =IF(NOT(ISNUMBER($A25)),"",Inputs!$C$21+$A25*Inputs!$E$7/SQRT(Inputs!$E$6^2+Inputs!$E$7^2+Inputs!$E$8^2)) -> -294.454 | T25: =IF(NOT(ISNUMBER($A25)),"",Inputs!$D$21+$A25*Inputs!$E$8/SQRT(Inputs!$E$6^2+Inputs!$E$7^2+Inputs!$E$8^2)) -> 182.189 | U25: =IF(NOT(ISNUMBER($A25)),"",Inputs!$B$19+Geometry!$C$15-R25) -> -24.932661 | V25: =IF(NOT(ISNUMBER($A25)),"",Inputs!$C$19+Geometry!$C$16-S25) -> -146.76798 | W25: =IF(NOT(ISNUMBER($A25)),"",Inputs!$D$19+Geometry!$C$17-T25) -> 11.015352 | X25: =IF(NOT(ISNUMBER($A25)),"",2*(U25*Geometry!$C$18+V25*Geometry!$C$19+W25*Geometry!$C$20)) -> 4475.0365 | Y25: =IF(NOT(ISNUMBER($A25)),"",2*(U25*Geometry!$C$21+V25*Geometry!$C$22+W25*Geometry!$C$23)) -> -44594.042 | Z25: =IF(NOT(ISNUMBER($A25)),"",Geometry!$C$24^2-(U25^2+V25^2+W25^2)-(Geometry!$C$18^2+Geometry!$C$19^2+Geometry!$C$20^2)) -> 19556.015 | AA25: =IF(NOT(ISNUMBER($A25)),"",SQRT(X25^2+Y25^2)) -> 44818.015 | AB25: =IF(OR(NOT(ISNUMBER($A25)),AA25<0.000000000001),"",MAX(-1,MIN(1,Z25/AA25))) -> 0.43634272 | AC25: =IF(OR(NOT(ISNUMBER($A25)),AA25<0.000000000001),"",IF(Y25>=0,ACOS(MAX(-1,MIN(1,X25/AA25))),-ACOS(MAX(-1,MIN(1,X25/AA25))))) -> -1.4707806 | AD25: =IF(AB25="","",ACOS(AB25)) -> 1.1192663 | AE25: =IF(AC25="","",MOD(AC25+Geometry!$C$47*AD25+PI(),2*PI())-PI()) -> -0.35151429 | AF25: =IF(NOT(ISNUMBER($A25)),"",AND(AA25>=0.000000000001,ABS(Z25)<=AA25+0.00000001)) -> TRUE | AG25: =IF(AF25=FALSE,"",IF((Geometry!$C$28*COS(AE25)+Geometry!$C$32*SIN(AE25)+Geometry!$C$8*Geometry!$C$30*(1-COS(AE25)))>=0,1,-1)*ACOS(MAX(-1,MIN(1,(Geometry!$C$27*COS(AE25)+Geometry!$C$31*SIN(AE25)+Geometry!$C$7*Geometry!$C$30*(1-COS(AE25)))/SQRT((Geometry!$C$27*COS(AE25)+Geometry!$C$31*SIN(AE25)+Geometry!$C$7*Geometry!$C$30*(1-COS(AE25)))^2+(Geometry!$C$28*COS(AE25)+Geometry!$C$32*SIN(AE25)+Geometry!$C$8*Geometry!$C$30*(1-COS(AE25)))^2))))*180/PI()) -> -19.832823
A26: =IF(Inputs!$E$9+24*Inputs!$E$11<=Inputs!$E$10,Inputs!$E$9+24*Inputs!$E$11,"") -> -36 | B26: =IF(NOT(ISNUMBER($A26)),"",Inputs!$B$17+$A26*Inputs!$E$6/SQRT(Inputs!$E$6^2+Inputs!$E$7^2+Inputs!$E$8^2)) -> 919.873 | C26: =IF(NOT(ISNUMBER($A26)),"",Inputs!$C$17+$A26*Inputs!$E$7/SQRT(Inputs!$E$6^2+Inputs!$E$7^2+Inputs!$E$8^2)) -> 221.454 | D26: =IF(NOT(ISNUMBER($A26)),"",Inputs!$D$17+$A26*Inputs!$E$8/SQRT(Inputs!$E$6^2+Inputs!$E$7^2+Inputs!$E$8^2)) -> 182.189 | E26: =IF(NOT(ISNUMBER($A26)),"",Inputs!$B$15+Geometry!$B$15-B26) -> -24.932661 | F26: =IF(NOT(ISNUMBER($A26)),"",Inputs!$C$15+Geometry!$B$16-C26) -> 219.76798 | G26: =IF(NOT(ISNUMBER($A26)),"",Inputs!$D$15+Geometry!$B$17-D26) -> 11.015352 | H26: =IF(NOT(ISNUMBER($A26)),"",2*(E26*Geometry!$B$18+F26*Geometry!$B$19+G26*Geometry!$B$20)) -> 10100.273 | I26: =IF(NOT(ISNUMBER($A26)),"",2*(E26*Geometry!$B$21+F26*Geometry!$B$22+G26*Geometry!$B$23)) -> 65507.254 | J26: =IF(NOT(ISNUMBER($A26)),"",Geometry!$B$24^2-(E26^2+F26^2+G26^2)-(Geometry!$B$18^2+Geometry!$B$19^2+Geometry!$B$20^2)) -> -7201.1112 | K26: =IF(NOT(ISNUMBER($A26)),"",SQRT(H26^2+I26^2)) -> 66281.339 | L26: =IF(OR(NOT(ISNUMBER($A26)),K26<0.000000000001),"",MAX(-1,MIN(1,J26/K26))) -> -0.10864463 | M26: =IF(OR(NOT(ISNUMBER($A26)),K26<0.000000000001),"",IF(I26>=0,ACOS(MAX(-1,MIN(1,H26/K26))),-ACOS(MAX(-1,MIN(1,H26/K26))))) -> 1.4178155 | N26: =IF(L26="","",ACOS(L26)) -> 1.6796558 | O26: =IF(M26="","",MOD(M26+Geometry!$B$47*N26+PI(),2*PI())-PI()) -> -0.26184037 | P26: =IF(NOT(ISNUMBER($A26)),"",AND(K26>=0.000000000001,ABS(J26)<=K26+0.00000001)) -> TRUE | Q26: =IF(P26=FALSE,"",IF((Geometry!$B$28*COS(O26)+Geometry!$B$32*SIN(O26)+Geometry!$B$8*Geometry!$B$30*(1-COS(O26)))>=0,1,-1)*ACOS(MAX(-1,MIN(1,(Geometry!$B$27*COS(O26)+Geometry!$B$31*SIN(O26)+Geometry!$B$7*Geometry!$B$30*(1-COS(O26)))/SQRT((Geometry!$B$27*COS(O26)+Geometry!$B$31*SIN(O26)+Geometry!$B$7*Geometry!$B$30*(1-COS(O26)))^2+(Geometry!$B$28*COS(O26)+Geometry!$B$32*SIN(O26)+Geometry!$B$8*Geometry!$B$30*(1-COS(O26)))^2))))*180/PI()) -> -14.711515 | R26: =IF(NOT(ISNUMBER($A26)),"",Inputs!$B$21+$A26*Inputs!$E$6/SQRT(Inputs!$E$6^2+Inputs!$E$7^2+Inputs!$E$8^2)) -> 919.873 | S26: =IF(NOT(ISNUMBER($A26)),"",Inputs!$C$21+$A26*Inputs!$E$7/SQRT(Inputs!$E$6^2+Inputs!$E$7^2+Inputs!$E$8^2)) -> -293.454 | T26: =IF(NOT(ISNUMBER($A26)),"",Inputs!$D$21+$A26*Inputs!$E$8/SQRT(Inputs!$E$6^2+Inputs!$E$7^2+Inputs!$E$8^2)) -> 182.189 | U26: =IF(NOT(ISNUMBER($A26)),"",Inputs!$B$19+Geometry!$C$15-R26) -> -24.932661 | V26: =IF(NOT(ISNUMBER($A26)),"",Inputs!$C$19+Geometry!$C$16-S26) -> -147.76798 | W26: =IF(NOT(ISNUMBER($A26)),"",Inputs!$D$19+Geometry!$C$17-T26) -> 11.015352 | X26: =IF(NOT(ISNUMBER($A26)),"",2*(U26*Geometry!$C$18+V26*Geometry!$C$19+W26*Geometry!$C$20)) -> 4552.0946 | Y26: =IF(NOT(ISNUMBER($A26)),"",2*(U26*Geometry!$C$21+V26*Geometry!$C$22+W26*Geometry!$C$23)) -> -44880.524 | Z26: =IF(NOT(ISNUMBER($A26)),"",Geometry!$C$24^2-(U26^2+V26^2+W26^2)-(Geometry!$C$18^2+Geometry!$C$19^2+Geometry!$C$20^2)) -> 19261.479 | AA26: =IF(NOT(ISNUMBER($A26)),"",SQRT(X26^2+Y26^2)) -> 45110.786 | AB26: =IF(OR(NOT(ISNUMBER($A26)),AA26<0.000000000001),"",MAX(-1,MIN(1,Z26/AA26))) -> 0.42698167 | AC26: =IF(OR(NOT(ISNUMBER($A26)),AA26<0.000000000001),"",IF(Y26>=0,ACOS(MAX(-1,MIN(1,X26/AA26))),-ACOS(MAX(-1,MIN(1,X26/AA26))))) -> -1.4697151 | AD26: =IF(AB26="","",ACOS(AB26)) -> 1.1296441 | AE26: =IF(AC26="","",MOD(AC26+Geometry!$C$47*AD26+PI(),2*PI())-PI()) -> -0.34007096 | AF26: =IF(NOT(ISNUMBER($A26)),"",AND(AA26>=0.000000000001,ABS(Z26)<=AA26+0.00000001)) -> TRUE | AG26: =IF(AF26=FALSE,"",IF((Geometry!$C$28*COS(AE26)+Geometry!$C$32*SIN(AE26)+Geometry!$C$8*Geometry!$C$30*(1-COS(AE26)))>=0,1,-1)*ACOS(MAX(-1,MIN(1,(Geometry!$C$27*COS(AE26)+Geometry!$C$31*SIN(AE26)+Geometry!$C$7*Geometry!$C$30*(1-COS(AE26)))/SQRT((Geometry!$C$27*COS(AE26)+Geometry!$C$31*SIN(AE26)+Geometry!$C$7*Geometry!$C$30*(1-COS(AE26)))^2+(Geometry!$C$28*COS(AE26)+Geometry!$C$32*SIN(AE26)+Geometry!$C$8*Geometry!$C$30*(1-COS(AE26)))^2))))*180/PI()) -> -19.184642
A27: =IF(Inputs!$E$9+25*Inputs!$E$11<=Inputs!$E$10,Inputs!$E$9+25*Inputs!$E$11,"") -> -35 | B27: =IF(NOT(ISNUMBER($A27)),"",Inputs!$B$17+$A27*Inputs!$E$6/SQRT(Inputs!$E$6^2+Inputs!$E$7^2+Inputs!$E$8^2)) -> 919.873 | C27: =IF(NOT(ISNUMBER($A27)),"",Inputs!$C$17+$A27*Inputs!$E$7/SQRT(Inputs!$E$6^2+Inputs!$E$7^2+Inputs!$E$8^2)) -> 222.454 | D27: =IF(NOT(ISNUMBER($A27)),"",Inputs!$D$17+$A27*Inputs!$E$8/SQRT(Inputs!$E$6^2+Inputs!$E$7^2+Inputs!$E$8^2)) -> 182.189 | E27: =IF(NOT(ISNUMBER($A27)),"",Inputs!$B$15+Geometry!$B$15-B27) -> -24.932661 | F27: =IF(NOT(ISNUMBER($A27)),"",Inputs!$C$15+Geometry!$B$16-C27) -> 218.76798 | G27: =IF(NOT(ISNUMBER($A27)),"",Inputs!$D$15+Geometry!$B$17-D27) -> 11.015352 | H27: =IF(NOT(ISNUMBER($A27)),"",2*(E27*Geometry!$B$18+F27*Geometry!$B$19+G27*Geometry!$B$20)) -> 10023.215 | I27: =IF(NOT(ISNUMBER($A27)),"",2*(E27*Geometry!$B$21+F27*Geometry!$B$22+G27*Geometry!$B$23)) -> 65220.772 | J27: =IF(NOT(ISNUMBER($A27)),"",Geometry!$B$24^2-(E27^2+F27^2+G27^2)-(Geometry!$B$18^2+Geometry!$B$19^2+Geometry!$B$20^2)) -> -6762.5752 | K27: =IF(NOT(ISNUMBER($A27)),"",SQRT(H27^2+I27^2)) -> 65986.468 | L27: =IF(OR(NOT(ISNUMBER($A27)),K27<0.000000000001),"",MAX(-1,MIN(1,J27/K27))) -> -0.10248427 | M27: =IF(OR(NOT(ISNUMBER($A27)),K27<0.000000000001),"",IF(I27>=0,ACOS(MAX(-1,MIN(1,H27/K27))),-ACOS(MAX(-1,MIN(1,H27/K27))))) -> 1.418308 | N27: =IF(L27="","",ACOS(L27)) -> 1.6734609 | O27: =IF(M27="","",MOD(M27+Geometry!$B$47*N27+PI(),2*PI())-PI()) -> -0.25515283 | P27: =IF(NOT(ISNUMBER($A27)),"",AND(K27>=0.000000000001,ABS(J27)<=K27+0.00000001)) -> TRUE | Q27: =IF(P27=FALSE,"",IF((Geometry!$B$28*COS(O27)+Geometry!$B$32*SIN(O27)+Geometry!$B$8*Geometry!$B$30*(1-COS(O27)))>=0,1,-1)*ACOS(MAX(-1,MIN(1,(Geometry!$B$27*COS(O27)+Geometry!$B$31*SIN(O27)+Geometry!$B$7*Geometry!$B$30*(1-COS(O27)))/SQRT((Geometry!$B$27*COS(O27)+Geometry!$B$31*SIN(O27)+Geometry!$B$7*Geometry!$B$30*(1-COS(O27)))^2+(Geometry!$B$28*COS(O27)+Geometry!$B$32*SIN(O27)+Geometry!$B$8*Geometry!$B$30*(1-COS(O27)))^2))))*180/PI()) -> -14.335845 | R27: =IF(NOT(ISNUMBER($A27)),"",Inputs!$B$21+$A27*Inputs!$E$6/SQRT(Inputs!$E$6^2+Inputs!$E$7^2+Inputs!$E$8^2)) -> 919.873 | S27: =IF(NOT(ISNUMBER($A27)),"",Inputs!$C$21+$A27*Inputs!$E$7/SQRT(Inputs!$E$6^2+Inputs!$E$7^2+Inputs!$E$8^2)) -> -292.454 | T27: =IF(NOT(ISNUMBER($A27)),"",Inputs!$D$21+$A27*Inputs!$E$8/SQRT(Inputs!$E$6^2+Inputs!$E$7^2+Inputs!$E$8^2)) -> 182.189 | U27: =IF(NOT(ISNUMBER($A27)),"",Inputs!$B$19+Geometry!$C$15-R27) -> -24.932661 | V27: =IF(NOT(ISNUMBER($A27)),"",Inputs!$C$19+Geometry!$C$16-S27) -> -148.76798 | W27: =IF(NOT(ISNUMBER($A27)),"",Inputs!$D$19+Geometry!$C$17-T27) -> 11.015352 | X27: =IF(NOT(ISNUMBER($A27)),"",2*(U27*Geometry!$C$18+V27*Geometry!$C$19+W27*Geometry!$C$20)) -> 4629.1526 | Y27: =IF(NOT(ISNUMBER($A27)),"",2*(U27*Geometry!$C$21+V27*Geometry!$C$22+W27*Geometry!$C$23)) -> -45167.006 | Z27: =IF(NOT(ISNUMBER($A27)),"",Geometry!$C$24^2-(U27^2+V27^2+W27^2)-(Geometry!$C$18^2+Geometry!$C$19^2+Geometry!$C$20^2)) -> 18964.943 | AA27: =IF(NOT(ISNUMBER($A27)),"",SQRT(X27^2+Y27^2)) -> 45403.607 | AB27: =IF(OR(NOT(ISNUMBER($A27)),AA27<0.000000000001),"",MAX(-1,MIN(1,Z27/AA27))) -> 0.41769683 | AC27: =IF(OR(NOT(ISNUMBER($A27)),AA27<0.000000000001),"",IF(Y27>=0,ACOS(MAX(-1,MIN(1,X27/AA27))),-ACOS(MAX(-1,MIN(1,X27/AA27))))) -> -1.4686632 | AD27: =IF(AB27="","",ACOS(AB27)) -> 1.1398874 | AE27: =IF(AC27="","",MOD(AC27+Geometry!$C$47*AD27+PI(),2*PI())-PI()) -> -0.32877586 | AF27: =IF(NOT(ISNUMBER($A27)),"",AND(AA27>=0.000000000001,ABS(Z27)<=AA27+0.00000001)) -> TRUE | AG27: =IF(AF27=FALSE,"",IF((Geometry!$C$28*COS(AE27)+Geometry!$C$32*SIN(AE27)+Geometry!$C$8*Geometry!$C$30*(1-COS(AE27)))>=0,1,-1)*ACOS(MAX(-1,MIN(1,(Geometry!$C$27*COS(AE27)+Geometry!$C$31*SIN(AE27)+Geometry!$C$7*Geometry!$C$30*(1-COS(AE27)))/SQRT((Geometry!$C$27*COS(AE27)+Geometry!$C$31*SIN(AE27)+Geometry!$C$7*Geometry!$C$30*(1-COS(AE27)))^2+(Geometry!$C$28*COS(AE27)+Geometry!$C$32*SIN(AE27)+Geometry!$C$8*Geometry!$C$30*(1-COS(AE27)))^2))))*180/PI()) -> -18.545049
A28: =IF(Inputs!$E$9+26*Inputs!$E$11<=Inputs!$E$10,Inputs!$E$9+26*Inputs!$E$11,"") -> -34 | B28: =IF(NOT(ISNUMBER($A28)),"",Inputs!$B$17+$A28*Inputs!$E$6/SQRT(Inputs!$E$6^2+Inputs!$E$7^2+Inputs!$E$8^2)) -> 919.873 | C28: =IF(NOT(ISNUMBER($A28)),"",Inputs!$C$17+$A28*Inputs!$E$7/SQRT(Inputs!$E$6^2+Inputs!$E$7^2+Inputs!$E$8^2)) -> 223.454 | D28: =IF(NOT(ISNUMBER($A28)),"",Inputs!$D$17+$A28*Inputs!$E$8/SQRT(Inputs!$E$6^2+Inputs!$E$7^2+Inputs!$E$8^2)) -> 182.189 | E28: =IF(NOT(ISNUMBER($A28)),"",Inputs!$B$15+Geometry!$B$15-B28) -> -24.932661 | F28: =IF(NOT(ISNUMBER($A28)),"",Inputs!$C$15+Geometry!$B$16-C28) -> 217.76798 | G28: =IF(NOT(ISNUMBER($A28)),"",Inputs!$D$15+Geometry!$B$17-D28) -> 11.015352 | H28: =IF(NOT(ISNUMBER($A28)),"",2*(E28*Geometry!$B$18+F28*Geometry!$B$19+G28*Geometry!$B$20)) -> 9946.1567 | I28: =IF(NOT(ISNUMBER($A28)),"",2*(E28*Geometry!$B$21+F28*Geometry!$B$22+G28*Geometry!$B$23)) -> 64934.29 | J28: =IF(NOT(ISNUMBER($A28)),"",Geometry!$B$24^2-(E28^2+F28^2+G28^2)-(Geometry!$B$18^2+Geometry!$B$19^2+Geometry!$B$20^2)) -> -6326.0393 | K28: =IF(NOT(ISNUMBER($A28)),"",SQRT(H28^2+I28^2)) -> 65691.613 | L28: =IF(OR(NOT(ISNUMBER($A28)),K28<0.000000000001),"",MAX(-1,MIN(1,J28/K28))) -> -0.09629904 | M28: =IF(OR(NOT(ISNUMBER($A28)),K28<0.000000000001),"",IF(I28>=0,ACOS(MAX(-1,MIN(1,H28/K28))),-ACOS(MAX(-1,MIN(1,H28/K28))))) -> 1.418805 | N28: =IF(L28="","",ACOS(L28)) -> 1.6672448 | O28: =IF(M28="","",MOD(M28+Geometry!$B$47*N28+PI(),2*PI())-PI()) -> -0.24843983 | P28: =IF(NOT(ISNUMBER($A28)),"",AND(K28>=0.000000000001,ABS(J28)<=K28+0.00000001)) -> TRUE | Q28: =IF(P28=FALSE,"",IF((Geometry!$B$28*COS(O28)+Geometry!$B$32*SIN(O28)+Geometry!$B$8*Geometry!$B$30*(1-COS(O28)))>=0,1,-1)*ACOS(MAX(-1,MIN(1,(Geometry!$B$27*COS(O28)+Geometry!$B$31*SIN(O28)+Geometry!$B$7*Geometry!$B$30*(1-COS(O28)))/SQRT((Geometry!$B$27*COS(O28)+Geometry!$B$31*SIN(O28)+Geometry!$B$7*Geometry!$B$30*(1-COS(O28)))^2+(Geometry!$B$28*COS(O28)+Geometry!$B$32*SIN(O28)+Geometry!$B$8*Geometry!$B$30*(1-COS(O28)))^2))))*180/PI()) -> -13.958755 | R28: =IF(NOT(ISNUMBER($A28)),"",Inputs!$B$21+$A28*Inputs!$E$6/SQRT(Inputs!$E$6^2+Inputs!$E$7^2+Inputs!$E$8^2)) -> 919.873 | S28: =IF(NOT(ISNUMBER($A28)),"",Inputs!$C$21+$A28*Inputs!$E$7/SQRT(Inputs!$E$6^2+Inputs!$E$7^2+Inputs!$E$8^2)) -> -291.454 | T28: =IF(NOT(ISNUMBER($A28)),"",Inputs!$D$21+$A28*Inputs!$E$8/SQRT(Inputs!$E$6^2+Inputs!$E$7^2+Inputs!$E$8^2)) -> 182.189 | U28: =IF(NOT(ISNUMBER($A28)),"",Inputs!$B$19+Geometry!$C$15-R28) -> -24.932661 | V28: =IF(NOT(ISNUMBER($A28)),"",Inputs!$C$19+Geometry!$C$16-S28) -> -149.76798 | W28: =IF(NOT(ISNUMBER($A28)),"",Inputs!$D$19+Geometry!$C$17-T28) -> 11.015352 | X28: =IF(NOT(ISNUMBER($A28)),"",2*(U28*Geometry!$C$18+V28*Geometry!$C$19+W28*Geometry!$C$20)) -> 4706.2106 | Y28: =IF(NOT(ISNUMBER($A28)),"",2*(U28*Geometry!$C$21+V28*Geometry!$C$22+W28*Geometry!$C$23)) -> -45453.489 | Z28: =IF(NOT(ISNUMBER($A28)),"",Geometry!$C$24^2-(U28^2+V28^2+W28^2)-(Geometry!$C$18^2+Geometry!$C$19^2+Geometry!$C$20^2)) -> 18666.407 | AA28: =IF(NOT(ISNUMBER($A28)),"",SQRT(X28^2+Y28^2)) -> 45696.478 | AB28: =IF(OR(NOT(ISNUMBER($A28)),AA28<0.000000000001),"",MAX(-1,MIN(1,Z28/AA28))) -> 0.40848677 | AC28: =IF(OR(NOT(ISNUMBER($A28)),AA28<0.000000000001),"",IF(Y28>=0,ACOS(MAX(-1,MIN(1,X28/AA28))),-ACOS(MAX(-1,MIN(1,X28/AA28))))) -> -1.4676249 | AD28: =IF(AB28="","",ACOS(AB28)) -> 1.1500007 | AE28: =IF(AC28="","",MOD(AC28+Geometry!$C$47*AD28+PI(),2*PI())-PI()) -> -0.31762418 | AF28: =IF(NOT(ISNUMBER($A28)),"",AND(AA28>=0.000000000001,ABS(Z28)<=AA28+0.00000001)) -> TRUE | AG28: =IF(AF28=FALSE,"",IF((Geometry!$C$28*COS(AE28)+Geometry!$C$32*SIN(AE28)+Geometry!$C$8*Geometry!$C$30*(1-COS(AE28)))>=0,1,-1)*ACOS(MAX(-1,MIN(1,(Geometry!$C$27*COS(AE28)+Geometry!$C$31*SIN(AE28)+Geometry!$C$7*Geometry!$C$30*(1-COS(AE28)))/SQRT((Geometry!$C$27*COS(AE28)+Geometry!$C$31*SIN(AE28)+Geometry!$C$7*Geometry!$C$30*(1-COS(AE28)))^2+(Geometry!$C$28*COS(AE28)+Geometry!$C$32*SIN(AE28)+Geometry!$C$8*Geometry!$C$30*(1-COS(AE28)))^2))))*180/PI()) -> -17.913762
A29: =IF(Inputs!$E$9+27*Inputs!$E$11<=Inputs!$E$10,Inputs!$E$9+27*Inputs!$E$11,"") -> -33 | B29: =IF(NOT(ISNUMBER($A29)),"",Inputs!$B$17+$A29*Inputs!$E$6/SQRT(Inputs!$E$6^2+Inputs!$E$7^2+Inputs!$E$8^2)) -> 919.873 | C29: =IF(NOT(ISNUMBER($A29)),"",Inputs!$C$17+$A29*Inputs!$E$7/SQRT(Inputs!$E$6^2+Inputs!$E$7^2+Inputs!$E$8^2)) -> 224.454 | D29: =IF(NOT(ISNUMBER($A29)),"",Inputs!$D$17+$A29*Inputs!$E$8/SQRT(Inputs!$E$6^2+Inputs!$E$7^2+Inputs!$E$8^2)) -> 182.189 | E29: =IF(NOT(ISNUMBER($A29)),"",Inputs!$B$15+Geometry!$B$15-B29) -> -24.932661 | F29: =IF(NOT(ISNUMBER($A29)),"",Inputs!$C$15+Geometry!$B$16-C29) -> 216.76798 | G29: =IF(NOT(ISNUMBER($A29)),"",Inputs!$D$15+Geometry!$B$17-D29) -> 11.015352 | H29: =IF(NOT(ISNUMBER($A29)),"",2*(E29*Geometry!$B$18+F29*Geometry!$B$19+G29*Geometry!$B$20)) -> 9869.0987 | I29: =IF(NOT(ISNUMBER($A29)),"",2*(E29*Geometry!$B$21+F29*Geometry!$B$22+G29*Geometry!$B$23)) -> 64647.807 | J29: =IF(NOT(ISNUMBER($A29)),"",Geometry!$B$24^2-(E29^2+F29^2+G29^2)-(Geometry!$B$18^2+Geometry!$B$19^2+Geometry!$B$20^2)) -> -5891.5033 | K29: =IF(NOT(ISNUMBER($A29)),"",SQRT(H29^2+I29^2)) -> 65396.774 | L29: =IF(OR(NOT(ISNUMBER($A29)),K29<0.000000000001),"",MAX(-1,MIN(1,J29/K29))) -> -0.090088592 | M29: =IF(OR(NOT(ISNUMBER($A29)),K29<0.000000000001),"",IF(I29>=0,ACOS(MAX(-1,MIN(1,H29/K29))),-ACOS(MAX(-1,MIN(1,H29/K29))))) -> 1.4193065 | N29: =IF(L29="","",ACOS(L29)) -> 1.6610072 | O29: =IF(M29="","",MOD(M29+Geometry!$B$47*N29+PI(),2*PI())-PI()) -> -0.24170075 | P29: =IF(NOT(ISNUMBER($A29)),"",AND(K29>=0.000000000001,ABS(J29)<=K29+0.00000001)) -> TRUE | Q29: =IF(P29=FALSE,"",IF((Geometry!$B$28*COS(O29)+Geometry!$B$32*SIN(O29)+Geometry!$B$8*Geometry!$B$30*(1-COS(O29)))>=0,1,-1)*ACOS(MAX(-1,MIN(1,(Geometry!$B$27*COS(O29)+Geometry!$B$31*SIN(O29)+Geometry!$B$7*Geometry!$B$30*(1-COS(O29)))/SQRT((Geometry!$B$27*COS(O29)+Geometry!$B$31*SIN(O29)+Geometry!$B$7*Geometry!$B$30*(1-COS(O29)))^2+(Geometry!$B$28*COS(O29)+Geometry!$B$32*SIN(O29)+Geometry!$B$8*Geometry!$B$30*(1-COS(O29)))^2))))*180/PI()) -> -13.580211 | R29: =IF(NOT(ISNUMBER($A29)),"",Inputs!$B$21+$A29*Inputs!$E$6/SQRT(Inputs!$E$6^2+Inputs!$E$7^2+Inputs!$E$8^2)) -> 919.873 | S29: =IF(NOT(ISNUMBER($A29)),"",Inputs!$C$21+$A29*Inputs!$E$7/SQRT(Inputs!$E$6^2+Inputs!$E$7^2+Inputs!$E$8^2)) -> -290.454 | T29: =IF(NOT(ISNUMBER($A29)),"",Inputs!$D$21+$A29*Inputs!$E$8/SQRT(Inputs!$E$6^2+Inputs!$E$7^2+Inputs!$E$8^2)) -> 182.189 | U29: =IF(NOT(ISNUMBER($A29)),"",Inputs!$B$19+Geometry!$C$15-R29) -> -24.932661 | V29: =IF(NOT(ISNUMBER($A29)),"",Inputs!$C$19+Geometry!$C$16-S29) -> -150.76798 | W29: =IF(NOT(ISNUMBER($A29)),"",Inputs!$D$19+Geometry!$C$17-T29) -> 11.015352 | X29: =IF(NOT(ISNUMBER($A29)),"",2*(U29*Geometry!$C$18+V29*Geometry!$C$19+W29*Geometry!$C$20)) -> 4783.2687 | Y29: =IF(NOT(ISNUMBER($A29)),"",2*(U29*Geometry!$C$21+V29*Geometry!$C$22+W29*Geometry!$C$23)) -> -45739.971 | Z29: =IF(NOT(ISNUMBER($A29)),"",Geometry!$C$24^2-(U29^2+V29^2+W29^2)-(Geometry!$C$18^2+Geometry!$C$19^2+Geometry!$C$20^2)) -> 18365.871 | AA29: =IF(NOT(ISNUMBER($A29)),"",SQRT(X29^2+Y29^2)) -> 45989.397 | AB29: =IF(OR(NOT(ISNUMBER($A29)),AA29<0.000000000001),"",MAX(-1,MIN(1,Z29/AA29))) -> 0.39935011 | AC29: =IF(OR(NOT(ISNUMBER($A29)),AA29<0.000000000001),"",IF(Y29>=0,ACOS(MAX(-1,MIN(1,X29/AA29))),-ACOS(MAX(-1,MIN(1,X29/AA29))))) -> -1.4665998 | AD29: =IF(AB29="","",ACOS(AB29)) -> 1.1599885 | AE29: =IF(AC29="","",MOD(AC29+Geometry!$C$47*AD29+PI(),2*PI())-PI()) -> -0.30661135 | AF29: =IF(NOT(ISNUMBER($A29)),"",AND(AA29>=0.000000000001,ABS(Z29)<=AA29+0.00000001)) -> TRUE | AG29: =IF(AF29=FALSE,"",IF((Geometry!$C$28*COS(AE29)+Geometry!$C$32*SIN(AE29)+Geometry!$C$8*Geometry!$C$30*(1-COS(AE29)))>=0,1,-1)*ACOS(MAX(-1,MIN(1,(Geometry!$C$27*COS(AE29)+Geometry!$C$31*SIN(AE29)+Geometry!$C$7*Geometry!$C$30*(1-COS(AE29)))/SQRT((Geometry!$C$27*COS(AE29)+Geometry!$C$31*SIN(AE29)+Geometry!$C$7*Geometry!$C$30*(1-COS(AE29)))^2+(Geometry!$C$28*COS(AE29)+Geometry!$C$32*SIN(AE29)+Geometry!$C$8*Geometry!$C$30*(1-COS(AE29)))^2))))*180/PI()) -> -17.290515
A30: =IF(Inputs!$E$9+28*Inputs!$E$11<=Inputs!$E$10,Inputs!$E$9+28*Inputs!$E$11,"") -> -32 | B30: =IF(NOT(ISNUMBER($A30)),"",Inputs!$B$17+$A30*Inputs!$E$6/SQRT(Inputs!$E$6^2+Inputs!$E$7^2+Inputs!$E$8^2)) -> 919.873 | C30: =IF(NOT(ISNUMBER($A30)),"",Inputs!$C$17+$A30*Inputs!$E$7/SQRT(Inputs!$E$6^2+Inputs!$E$7^2+Inputs!$E$8^2)) -> 225.454 | D30: =IF(NOT(ISNUMBER($A30)),"",Inputs!$D$17+$A30*Inputs!$E$8/SQRT(Inputs!$E$6^2+Inputs!$E$7^2+Inputs!$E$8^2)) -> 182.189 | E30: =IF(NOT(ISNUMBER($A30)),"",Inputs!$B$15+Geometry!$B$15-B30) -> -24.932661 | F30: =IF(NOT(ISNUMBER($A30)),"",Inputs!$C$15+Geometry!$B$16-C30) -> 215.76798 | G30: =IF(NOT(ISNUMBER($A30)),"",Inputs!$D$15+Geometry!$B$17-D30) -> 11.015352 | H30: =IF(NOT(ISNUMBER($A30)),"",2*(E30*Geometry!$B$18+F30*Geometry!$B$19+G30*Geometry!$B$20)) -> 9792.0407 | I30: =IF(NOT(ISNUMBER($A30)),"",2*(E30*Geometry!$B$21+F30*Geometry!$B$22+G30*Geometry!$B$23)) -> 64361.325 | J30: =IF(NOT(ISNUMBER($A30)),"",Geometry!$B$24^2-(E30^2+F30^2+G30^2)-(Geometry!$B$18^2+Geometry!$B$19^2+Geometry!$B$20^2)) -> -5458.9673 | K30: =IF(NOT(ISNUMBER($A30)),"",SQRT(H30^2+I30^2)) -> 65101.952 | L30: =IF(OR(NOT(ISNUMBER($A30)),K30<0.000000000001),"",MAX(-1,MIN(1,J30/K30))) -> -0.08385259 | M30: =IF(OR(NOT(ISNUMBER($A30)),K30<0.000000000001),"",IF(I30>=0,ACOS(MAX(-1,MIN(1,H30/K30))),-ACOS(MAX(-1,MIN(1,H30/K30))))) -> 1.4198125 | N30: =IF(L30="","",ACOS(L30)) -> 1.6547475 | O30: =IF(M30="","",MOD(M30+Geometry!$B$47*N30+PI(),2*PI())-PI()) -> -0.23493502 | P30: =IF(NOT(ISNUMBER($A30)),"",AND(K30>=0.000000000001,ABS(J30)<=K30+0.00000001)) -> TRUE | Q30: =IF(P30=FALSE,"",IF((Geometry!$B$28*COS(O30)+Geometry!$B$32*SIN(O30)+Geometry!$B$8*Geometry!$B$30*(1-COS(O30)))>=0,1,-1)*ACOS(MAX(-1,MIN(1,(Geometry!$B$27*COS(O30)+Geometry!$B$31*SIN(O30)+Geometry!$B$7*Geometry!$B$30*(1-COS(O30)))/SQRT((Geometry!$B$27*COS(O30)+Geometry!$B$31*SIN(O30)+Geometry!$B$7*Geometry!$B$30*(1-COS(O30)))^2+(Geometry!$B$28*COS(O30)+Geometry!$B$32*SIN(O30)+Geometry!$B$8*Geometry!$B$30*(1-COS(O30)))^2))))*180/PI()) -> -13.200178 | R30: =IF(NOT(ISNUMBER($A30)),"",Inputs!$B$21+$A30*Inputs!$E$6/SQRT(Inputs!$E$6^2+Inputs!$E$7^2+Inputs!$E$8^2)) -> 919.873 | S30: =IF(NOT(ISNUMBER($A30)),"",Inputs!$C$21+$A30*Inputs!$E$7/SQRT(Inputs!$E$6^2+Inputs!$E$7^2+Inputs!$E$8^2)) -> -289.454 | T30: =IF(NOT(ISNUMBER($A30)),"",Inputs!$D$21+$A30*Inputs!$E$8/SQRT(Inputs!$E$6^2+Inputs!$E$7^2+Inputs!$E$8^2)) -> 182.189 | U30: =IF(NOT(ISNUMBER($A30)),"",Inputs!$B$19+Geometry!$C$15-R30) -> -24.932661 | V30: =IF(NOT(ISNUMBER($A30)),"",Inputs!$C$19+Geometry!$C$16-S30) -> -151.76798 | W30: =IF(NOT(ISNUMBER($A30)),"",Inputs!$D$19+Geometry!$C$17-T30) -> 11.015352 | X30: =IF(NOT(ISNUMBER($A30)),"",2*(U30*Geometry!$C$18+V30*Geometry!$C$19+W30*Geometry!$C$20)) -> 4860.3267 | Y30: =IF(NOT(ISNUMBER($A30)),"",2*(U30*Geometry!$C$21+V30*Geometry!$C$22+W30*Geometry!$C$23)) -> -46026.453 | Z30: =IF(NOT(ISNUMBER($A30)),"",Geometry!$C$24^2-(U30^2+V30^2+W30^2)-(Geometry!$C$18^2+Geometry!$C$19^2+Geometry!$C$20^2)) -> 18063.335 | AA30: =IF(NOT(ISNUMBER($A30)),"",SQRT(X30^2+Y30^2)) -> 46282.364 | AB30: =IF(OR(NOT(ISNUMBER($A30)),AA30<0.000000000001),"",MAX(-1,MIN(1,Z30/AA30))) -> 0.39028548 | AC30: =IF(OR(NOT(ISNUMBER($A30)),AA30<0.000000000001),"",IF(Y30>=0,ACOS(MAX(-1,MIN(1,X30/AA30))),-ACOS(MAX(-1,MIN(1,X30/AA30))))) -> -1.4655877 | AD30: =IF(AB30="","",ACOS(AB30)) -> 1.1698547 | AE30: =IF(AC30="","",MOD(AC30+Geometry!$C$47*AD30+PI(),2*PI())-PI()) -> -0.295733 | AF30: =IF(NOT(ISNUMBER($A30)),"",AND(AA30>=0.000000000001,ABS(Z30)<=AA30+0.00000001)) -> TRUE | AG30: =IF(AF30=FALSE,"",IF((Geometry!$C$28*COS(AE30)+Geometry!$C$32*SIN(AE30)+Geometry!$C$8*Geometry!$C$30*(1-COS(AE30)))>=0,1,-1)*ACOS(MAX(-1,MIN(1,(Geometry!$C$27*COS(AE30)+Geometry!$C$31*SIN(AE30)+Geometry!$C$7*Geometry!$C$30*(1-COS(AE30)))/SQRT((Geometry!$C$27*COS(AE30)+Geometry!$C$31*SIN(AE30)+Geometry!$C$7*Geometry!$C$30*(1-COS(AE30)))^2+(Geometry!$C$28*COS(AE30)+Geometry!$C$32*SIN(AE30)+Geometry!$C$8*Geometry!$C$30*(1-COS(AE30)))^2))))*180/PI()) -> -16.675052
A31: =IF(Inputs!$E$9+29*Inputs!$E$11<=Inputs!$E$10,Inputs!$E$9+29*Inputs!$E$11,"") -> -31 | B31: =IF(NOT(ISNUMBER($A31)),"",Inputs!$B$17+$A31*Inputs!$E$6/SQRT(Inputs!$E$6^2+Inputs!$E$7^2+Inputs!$E$8^2)) -> 919.873 | C31: =IF(NOT(ISNUMBER($A31)),"",Inputs!$C$17+$A31*Inputs!$E$7/SQRT(Inputs!$E$6^2+Inputs!$E$7^2+Inputs!$E$8^2)) -> 226.454 | D31: =IF(NOT(ISNUMBER($A31)),"",Inputs!$D$17+$A31*Inputs!$E$8/SQRT(Inputs!$E$6^2+Inputs!$E$7^2+Inputs!$E$8^2)) -> 182.189 | E31: =IF(NOT(ISNUMBER($A31)),"",Inputs!$B$15+Geometry!$B$15-B31) -> -24.932661 | F31: =IF(NOT(ISNUMBER($A31)),"",Inputs!$C$15+Geometry!$B$16-C31) -> 214.76798 | G31: =IF(NOT(ISNUMBER($A31)),"",Inputs!$D$15+Geometry!$B$17-D31) -> 11.015352 | H31: =IF(NOT(ISNUMBER($A31)),"",2*(E31*Geometry!$B$18+F31*Geometry!$B$19+G31*Geometry!$B$20)) -> 9714.9826 | I31: =IF(NOT(ISNUMBER($A31)),"",2*(E31*Geometry!$B$21+F31*Geometry!$B$22+G31*Geometry!$B$23)) -> 64074.842 | J31: =IF(NOT(ISNUMBER($A31)),"",Geometry!$B$24^2-(E31^2+F31^2+G31^2)-(Geometry!$B$18^2+Geometry!$B$19^2+Geometry!$B$20^2)) -> -5028.4314 | K31: =IF(NOT(ISNUMBER($A31)),"",SQRT(H31^2+I31^2)) -> 64807.147 | L31: =IF(OR(NOT(ISNUMBER($A31)),K31<0.000000000001),"",MAX(-1,MIN(1,J31/K31))) -> -0.077590692 | M31: =IF(OR(NOT(ISNUMBER($A31)),K31<0.000000000001),"",IF(I31>=0,ACOS(MAX(-1,MIN(1,H31/K31))),-ACOS(MAX(-1,MIN(1,H31/K31))))) -> 1.4203231 | N31: =IF(L31="","",ACOS(L31)) -> 1.6484651 | O31: =IF(M31="","",MOD(M31+Geometry!$B$47*N31+PI(),2*PI())-PI()) -> -0.22814199 | P31: =IF(NOT(ISNUMBER($A31)),"",AND(K31>=0.000000000001,ABS(J31)<=K31+0.00000001)) -> TRUE | Q31: =IF(P31=FALSE,"",IF((Geometry!$B$28*COS(O31)+Geometry!$B$32*SIN(O31)+Geometry!$B$8*Geometry!$B$30*(1-COS(O31)))>=0,1,-1)*ACOS(MAX(-1,MIN(1,(Geometry!$B$27*COS(O31)+Geometry!$B$31*SIN(O31)+Geometry!$B$7*Geometry!$B$30*(1-COS(O31)))/SQRT((Geometry!$B$27*COS(O31)+Geometry!$B$31*SIN(O31)+Geometry!$B$7*Geometry!$B$30*(1-COS(O31)))^2+(Geometry!$B$28*COS(O31)+Geometry!$B$32*SIN(O31)+Geometry!$B$8*Geometry!$B$30*(1-COS(O31)))^2))))*180/PI()) -> -12.81862 | R31: =IF(NOT(ISNUMBER($A31)),"",Inputs!$B$21+$A31*Inputs!$E$6/SQRT(Inputs!$E$6^2+Inputs!$E$7^2+Inputs!$E$8^2)) -> 919.873 | S31: =IF(NOT(ISNUMBER($A31)),"",Inputs!$C$21+$A31*Inputs!$E$7/SQRT(Inputs!$E$6^2+Inputs!$E$7^2+Inputs!$E$8^2)) -> -288.454 | T31: =IF(NOT(ISNUMBER($A31)),"",Inputs!$D$21+$A31*Inputs!$E$8/SQRT(Inputs!$E$6^2+Inputs!$E$7^2+Inputs!$E$8^2)) -> 182.189 | U31: =IF(NOT(ISNUMBER($A31)),"",Inputs!$B$19+Geometry!$C$15-R31) -> -24.932661 | V31: =IF(NOT(ISNUMBER($A31)),"",Inputs!$C$19+Geometry!$C$16-S31) -> -152.76798 | W31: =IF(NOT(ISNUMBER($A31)),"",Inputs!$D$19+Geometry!$C$17-T31) -> 11.015352 | X31: =IF(NOT(ISNUMBER($A31)),"",2*(U31*Geometry!$C$18+V31*Geometry!$C$19+W31*Geometry!$C$20)) -> 4937.3847 | Y31: =IF(NOT(ISNUMBER($A31)),"",2*(U31*Geometry!$C$21+V31*Geometry!$C$22+W31*Geometry!$C$23)) -> -46312.936 | Z31: =IF(NOT(ISNUMBER($A31)),"",Geometry!$C$24^2-(U31^2+V31^2+W31^2)-(Geometry!$C$18^2+Geometry!$C$19^2+Geometry!$C$20^2)) -> 17758.799 | AA31: =IF(NOT(ISNUMBER($A31)),"",SQRT(X31^2+Y31^2)) -> 46575.378 | AB31: =IF(OR(NOT(ISNUMBER($A31)),AA31<0.000000000001),"",MAX(-1,MIN(1,Z31/AA31))) -> 0.38129157 | AC31: =IF(OR(NOT(ISNUMBER($A31)),AA31<0.000000000001),"",IF(Y31>=0,ACOS(MAX(-1,MIN(1,X31/AA31))),-ACOS(MAX(-1,MIN(1,X31/AA31))))) -> -1.4645883 | AD31: =IF(AB31="","",ACOS(AB31)) -> 1.1796033 | AE31: =IF(AC31="","",MOD(AC31+Geometry!$C$47*AD31+PI(),2*PI())-PI()) -> -0.28498497 | AF31: =IF(NOT(ISNUMBER($A31)),"",AND(AA31>=0.000000000001,ABS(Z31)<=AA31+0.00000001)) -> TRUE | AG31: =IF(AF31=FALSE,"",IF((Geometry!$C$28*COS(AE31)+Geometry!$C$32*SIN(AE31)+Geometry!$C$8*Geometry!$C$30*(1-COS(AE31)))>=0,1,-1)*ACOS(MAX(-1,MIN(1,(Geometry!$C$27*COS(AE31)+Geometry!$C$31*SIN(AE31)+Geometry!$C$7*Geometry!$C$30*(1-COS(AE31)))/SQRT((Geometry!$C$27*COS(AE31)+Geometry!$C$31*SIN(AE31)+Geometry!$C$7*Geometry!$C$30*(1-COS(AE31)))^2+(Geometry!$C$28*COS(AE31)+Geometry!$C$32*SIN(AE31)+Geometry!$C$8*Geometry!$C$30*(1-COS(AE31)))^2))))*180/PI()) -> -16.067128
A32: =IF(Inputs!$E$9+30*Inputs!$E$11<=Inputs!$E$10,Inputs!$E$9+30*Inputs!$E$11,"") -> -30 | B32: =IF(NOT(ISNUMBER($A32)),"",Inputs!$B$17+$A32*Inputs!$E$6/SQRT(Inputs!$E$6^2+Inputs!$E$7^2+Inputs!$E$8^2)) -> 919.873 | C32: =IF(NOT(ISNUMBER($A32)),"",Inputs!$C$17+$A32*Inputs!$E$7/SQRT(Inputs!$E$6^2+Inputs!$E$7^2+Inputs!$E$8^2)) -> 227.454 | D32: =IF(NOT(ISNUMBER($A32)),"",Inputs!$D$17+$A32*Inputs!$E$8/SQRT(Inputs!$E$6^2+Inputs!$E$7^2+Inputs!$E$8^2)) -> 182.189 | E32: =IF(NOT(ISNUMBER($A32)),"",Inputs!$B$15+Geometry!$B$15-B32) -> -24.932661 | F32: =IF(NOT(ISNUMBER($A32)),"",Inputs!$C$15+Geometry!$B$16-C32) -> 213.76798 | G32: =IF(NOT(ISNUMBER($A32)),"",Inputs!$D$15+Geometry!$B$17-D32) -> 11.015352 | H32: =IF(NOT(ISNUMBER($A32)),"",2*(E32*Geometry!$B$18+F32*Geometry!$B$19+G32*Geometry!$B$20)) -> 9637.9246 | I32: =IF(NOT(ISNUMBER($A32)),"",2*(E32*Geometry!$B$21+F32*Geometry!$B$22+G32*Geometry!$B$23)) -> 63788.36 | J32: =IF(NOT(ISNUMBER($A32)),"",Geometry!$B$24^2-(E32^2+F32^2+G32^2)-(Geometry!$B$18^2+Geometry!$B$19^2+Geometry!$B$20^2)) -> -4599.8954 | K32: =IF(NOT(ISNUMBER($A32)),"",SQRT(H32^2+I32^2)) -> 64512.359 | L32: =IF(OR(NOT(ISNUMBER($A32)),K32<0.000000000001),"",MAX(-1,MIN(1,J32/K32))) -> -0.071302545 | M32: =IF(OR(NOT(ISNUMBER($A32)),K32<0.000000000001),"",IF(I32>=0,ACOS(MAX(-1,MIN(1,H32/K32))),-ACOS(MAX(-1,MIN(1,H32/K32))))) -> 1.4208384 | N32: =IF(L32="","",ACOS(L32)) -> 1.6421594 | O32: =IF(M32="","",MOD(M32+Geometry!$B$47*N32+PI(),2*PI())-PI()) -> -0.22132106 | P32: =IF(NOT(ISNUMBER($A32)),"",AND(K32>=0.000000000001,ABS(J32)<=K32+0.00000001)) -> TRUE | Q32: =IF(P32=FALSE,"",IF((Geometry!$B$28*COS(O32)+Geometry!$B$32*SIN(O32)+Geometry!$B$8*Geometry!$B$30*(1-COS(O32)))>=0,1,-1)*ACOS(MAX(-1,MIN(1,(Geometry!$B$27*COS(O32)+Geometry!$B$31*SIN(O32)+Geometry!$B$7*Geometry!$B$30*(1-COS(O32)))/SQRT((Geometry!$B$27*COS(O32)+Geometry!$B$31*SIN(O32)+Geometry!$B$7*Geometry!$B$30*(1-COS(O32)))^2+(Geometry!$B$28*COS(O32)+Geometry!$B$32*SIN(O32)+Geometry!$B$8*Geometry!$B$30*(1-COS(O32)))^2))))*180/PI()) -> -12.4355 | R32: =IF(NOT(ISNUMBER($A32)),"",Inputs!$B$21+$A32*Inputs!$E$6/SQRT(Inputs!$E$6^2+Inputs!$E$7^2+Inputs!$E$8^2)) -> 919.873 | S32: =IF(NOT(ISNUMBER($A32)),"",Inputs!$C$21+$A32*Inputs!$E$7/SQRT(Inputs!$E$6^2+Inputs!$E$7^2+Inputs!$E$8^2)) -> -287.454 | T32: =IF(NOT(ISNUMBER($A32)),"",Inputs!$D$21+$A32*Inputs!$E$8/SQRT(Inputs!$E$6^2+Inputs!$E$7^2+Inputs!$E$8^2)) -> 182.189 | U32: =IF(NOT(ISNUMBER($A32)),"",Inputs!$B$19+Geometry!$C$15-R32) -> -24.932661 | V32: =IF(NOT(ISNUMBER($A32)),"",Inputs!$C$19+Geometry!$C$16-S32) -> -153.76798 | W32: =IF(NOT(ISNUMBER($A32)),"",Inputs!$D$19+Geometry!$C$17-T32) -> 11.015352 | X32: =IF(NOT(ISNUMBER($A32)),"",2*(U32*Geometry!$C$18+V32*Geometry!$C$19+W32*Geometry!$C$20)) -> 5014.4427 | Y32: =IF(NOT(ISNUMBER($A32)),"",2*(U32*Geometry!$C$21+V32*Geometry!$C$22+W32*Geometry!$C$23)) -> -46599.418 | Z32: =IF(NOT(ISNUMBER($A32)),"",Geometry!$C$24^2-(U32^2+V32^2+W32^2)-(Geometry!$C$18^2+Geometry!$C$19^2+Geometry!$C$20^2)) -> 17452.263 | AA32: =IF(NOT(ISNUMBER($A32)),"",SQRT(X32^2+Y32^2)) -> 46868.437 | AB32: =IF(OR(NOT(ISNUMBER($A32)),AA32<0.000000000001),"",MAX(-1,MIN(1,Z32/AA32))) -> 0.37236707 | AC32: =IF(OR(NOT(ISNUMBER($A32)),AA32<0.000000000001),"",IF(Y32>=0,ACOS(MAX(-1,MIN(1,X32/AA32))),-ACOS(MAX(-1,MIN(1,X32/AA32))))) -> -1.4636014 | AD32: =IF(AB32="","",ACOS(AB32)) -> 1.1892381 | AE32: =IF(AC32="","",MOD(AC32+Geometry!$C$47*AD32+PI(),2*PI())-PI()) -> -0.27436328 | AF32: =IF(NOT(ISNUMBER($A32)),"",AND(AA32>=0.000000000001,ABS(Z32)<=AA32+0.00000001)) -> TRUE | AG32: =IF(AF32=FALSE,"",IF((Geometry!$C$28*COS(AE32)+Geometry!$C$32*SIN(AE32)+Geometry!$C$8*Geometry!$C$30*(1-COS(AE32)))>=0,1,-1)*ACOS(MAX(-1,MIN(1,(Geometry!$C$27*COS(AE32)+Geometry!$C$31*SIN(AE32)+Geometry!$C$7*Geometry!$C$30*(1-COS(AE32)))/SQRT((Geometry!$C$27*COS(AE32)+Geometry!$C$31*SIN(AE32)+Geometry!$C$7*Geometry!$C$30*(1-COS(AE32)))^2+(Geometry!$C$28*COS(AE32)+Geometry!$C$32*SIN(AE32)+Geometry!$C$8*Geometry!$C$30*(1-COS(AE32)))^2))))*180/PI()) -> -15.466512
A33: =IF(Inputs!$E$9+31*Inputs!$E$11<=Inputs!$E$10,Inputs!$E$9+31*Inputs!$E$11,"") -> -29 | B33: =IF(NOT(ISNUMBER($A33)),"",Inputs!$B$17+$A33*Inputs!$E$6/SQRT(Inputs!$E$6^2+Inputs!$E$7^2+Inputs!$E$8^2)) -> 919.873 | C33: =IF(NOT(ISNUMBER($A33)),"",Inputs!$C$17+$A33*Inputs!$E$7/SQRT(Inputs!$E$6^2+Inputs!$E$7^2+Inputs!$E$8^2)) -> 228.454 | D33: =IF(NOT(ISNUMBER($A33)),"",Inputs!$D$17+$A33*Inputs!$E$8/SQRT(Inputs!$E$6^2+Inputs!$E$7^2+Inputs!$E$8^2)) -> 182.189 | E33: =IF(NOT(ISNUMBER($A33)),"",Inputs!$B$15+Geometry!$B$15-B33) -> -24.932661 | F33: =IF(NOT(ISNUMBER($A33)),"",Inputs!$C$15+Geometry!$B$16-C33) -> 212.76798 | G33: =IF(NOT(ISNUMBER($A33)),"",Inputs!$D$15+Geometry!$B$17-D33) -> 11.015352 | H33: =IF(NOT(ISNUMBER($A33)),"",2*(E33*Geometry!$B$18+F33*Geometry!$B$19+G33*Geometry!$B$20)) -> 9560.8666 | I33: =IF(NOT(ISNUMBER($A33)),"",2*(E33*Geometry!$B$21+F33*Geometry!$B$22+G33*Geometry!$B$23)) -> 63501.878 | J33: =IF(NOT(ISNUMBER($A33)),"",Geometry!$B$24^2-(E33^2+F33^2+G33^2)-(Geometry!$B$18^2+Geometry!$B$19^2+Geometry!$B$20^2)) -> -4173.3594 | K33: =IF(NOT(ISNUMBER($A33)),"",SQRT(H33^2+I33^2)) -> 64217.588 | L33: =IF(OR(NOT(ISNUMBER($A33)),K33<0.000000000001),"",MAX(-1,MIN(1,J33/K33))) -> -0.064987794 | M33: =IF(OR(NOT(ISNUMBER($A33)),K33<0.000000000001),"",IF(I33>=0,ACOS(MAX(-1,MIN(1,H33/K33))),-ACOS(MAX(-1,MIN(1,H33/K33))))) -> 1.4213584 | N33: =IF(L33="","",ACOS(L33)) -> 1.63583 | O33: =IF(M33="","",MOD(M33+Geometry!$B$47*N33+PI(),2*PI())-PI()) -> -0.21447157 | P33: =IF(NOT(ISNUMBER($A33)),"",AND(K33>=0.000000000001,ABS(J33)<=K33+0.00000001)) -> TRUE | Q33: =IF(P33=FALSE,"",IF((Geometry!$B$28*COS(O33)+Geometry!$B$32*SIN(O33)+Geometry!$B$8*Geometry!$B$30*(1-COS(O33)))>=0,1,-1)*ACOS(MAX(-1,MIN(1,(Geometry!$B$27*COS(O33)+Geometry!$B$31*SIN(O33)+Geometry!$B$7*Geometry!$B$30*(1-COS(O33)))/SQRT((Geometry!$B$27*COS(O33)+Geometry!$B$31*SIN(O33)+Geometry!$B$7*Geometry!$B$30*(1-COS(O33)))^2+(Geometry!$B$28*COS(O33)+Geometry!$B$32*SIN(O33)+Geometry!$B$8*Geometry!$B$30*(1-COS(O33)))^2))))*180/PI()) -> -12.050782 | R33: =IF(NOT(ISNUMBER($A33)),"",Inputs!$B$21+$A33*Inputs!$E$6/SQRT(Inputs!$E$6^2+Inputs!$E$7^2+Inputs!$E$8^2)) -> 919.873 | S33: =IF(NOT(ISNUMBER($A33)),"",Inputs!$C$21+$A33*Inputs!$E$7/SQRT(Inputs!$E$6^2+Inputs!$E$7^2+Inputs!$E$8^2)) -> -286.454 | T33: =IF(NOT(ISNUMBER($A33)),"",Inputs!$D$21+$A33*Inputs!$E$8/SQRT(Inputs!$E$6^2+Inputs!$E$7^2+Inputs!$E$8^2)) -> 182.189 | U33: =IF(NOT(ISNUMBER($A33)),"",Inputs!$B$19+Geometry!$C$15-R33) -> -24.932661 | V33: =IF(NOT(ISNUMBER($A33)),"",Inputs!$C$19+Geometry!$C$16-S33) -> -154.76798 | W33: =IF(NOT(ISNUMBER($A33)),"",Inputs!$D$19+Geometry!$C$17-T33) -> 11.015352 | X33: =IF(NOT(ISNUMBER($A33)),"",2*(U33*Geometry!$C$18+V33*Geometry!$C$19+W33*Geometry!$C$20)) -> 5091.5008 | Y33: =IF(NOT(ISNUMBER($A33)),"",2*(U33*Geometry!$C$21+V33*Geometry!$C$22+W33*Geometry!$C$23)) -> -46885.901 | Z33: =IF(NOT(ISNUMBER($A33)),"",Geometry!$C$24^2-(U33^2+V33^2+W33^2)-(Geometry!$C$18^2+Geometry!$C$19^2+Geometry!$C$20^2)) -> 17143.727 | AA33: =IF(NOT(ISNUMBER($A33)),"",SQRT(X33^2+Y33^2)) -> 47161.542 | AB33: =IF(OR(NOT(ISNUMBER($A33)),AA33<0.000000000001),"",MAX(-1,MIN(1,Z33/AA33))) -> 0.36351073 | AC33: =IF(OR(NOT(ISNUMBER($A33)),AA33<0.000000000001),"",IF(Y33>=0,ACOS(MAX(-1,MIN(1,X33/AA33))),-ACOS(MAX(-1,MIN(1,X33/AA33))))) -> -1.4626268 | AD33: =IF(AB33="","",ACOS(AB33)) -> 1.1987627 | AE33: =IF(AC33="","",MOD(AC33+Geometry!$C$47*AD33+PI(),2*PI())-PI()) -> -0.26386411 | AF33: =IF(NOT(ISNUMBER($A33)),"",AND(AA33>=0.000000000001,ABS(Z33)<=AA33+0.00000001)) -> TRUE | AG33: =IF(AF33=FALSE,"",IF((Geometry!$C$28*COS(AE33)+Geometry!$C$32*SIN(AE33)+Geometry!$C$8*Geometry!$C$30*(1-COS(AE33)))>=0,1,-1)*ACOS(MAX(-1,MIN(1,(Geometry!$C$27*COS(AE33)+Geometry!$C$31*SIN(AE33)+Geometry!$C$7*Geometry!$C$30*(1-COS(AE33)))/SQRT((Geometry!$C$27*COS(AE33)+Geometry!$C$31*SIN(AE33)+Geometry!$C$7*Geometry!$C$30*(1-COS(AE33)))^2+(Geometry!$C$28*COS(AE33)+Geometry!$C$32*SIN(AE33)+Geometry!$C$8*Geometry!$C$30*(1-COS(AE33)))^2))))*180/PI()) -> -14.87298
A34: =IF(Inputs!$E$9+32*Inputs!$E$11<=Inputs!$E$10,Inputs!$E$9+32*Inputs!$E$11,"") -> -28 | B34: =IF(NOT(ISNUMBER($A34)),"",Inputs!$B$17+$A34*Inputs!$E$6/SQRT(Inputs!$E$6^2+Inputs!$E$7^2+Inputs!$E$8^2)) -> 919.873 | C34: =IF(NOT(ISNUMBER($A34)),"",Inputs!$C$17+$A34*Inputs!$E$7/SQRT(Inputs!$E$6^2+Inputs!$E$7^2+Inputs!$E$8^2)) -> 229.454 | D34: =IF(NOT(ISNUMBER($A34)),"",Inputs!$D$17+$A34*Inputs!$E$8/SQRT(Inputs!$E$6^2+Inputs!$E$7^2+Inputs!$E$8^2)) -> 182.189 | E34: =IF(NOT(ISNUMBER($A34)),"",Inputs!$B$15+Geometry!$B$15-B34) -> -24.932661 | F34: =IF(NOT(ISNUMBER($A34)),"",Inputs!$C$15+Geometry!$B$16-C34) -> 211.76798 | G34: =IF(NOT(ISNUMBER($A34)),"",Inputs!$D$15+Geometry!$B$17-D34) -> 11.015352 | H34: =IF(NOT(ISNUMBER($A34)),"",2*(E34*Geometry!$B$18+F34*Geometry!$B$19+G34*Geometry!$B$20)) -> 9483.8085 | I34: =IF(NOT(ISNUMBER($A34)),"",2*(E34*Geometry!$B$21+F34*Geometry!$B$22+G34*Geometry!$B$23)) -> 63215.395 | J34: =IF(NOT(ISNUMBER($A34)),"",Geometry!$B$24^2-(E34^2+F34^2+G34^2)-(Geometry!$B$18^2+Geometry!$B$19^2+Geometry!$B$20^2)) -> -3748.8235 | K34: =IF(NOT(ISNUMBER($A34)),"",SQRT(H34^2+I34^2)) -> 63922.835 | L34: =IF(OR(NOT(ISNUMBER($A34)),K34<0.000000000001),"",MAX(-1,MIN(1,J34/K34))) -> -0.058646076 | M34: =IF(OR(NOT(ISNUMBER($A34)),K34<0.000000000001),"",IF(I34>=0,ACOS(MAX(-1,MIN(1,H34/K34))),-ACOS(MAX(-1,MIN(1,H34/K34))))) -> 1.4218832 | N34: =IF(L34="","",ACOS(L34)) -> 1.6294761 | O34: =IF(M34="","",MOD(M34+Geometry!$B$47*N34+PI(),2*PI())-PI()) -> -0.20759289 | P34: =IF(NOT(ISNUMBER($A34)),"",AND(K34>=0.000000000001,ABS(J34)<=K34+0.00000001)) -> TRUE | Q34: =IF(P34=FALSE,"",IF((Geometry!$B$28*COS(O34)+Geometry!$B$32*SIN(O34)+Geometry!$B$8*Geometry!$B$30*(1-COS(O34)))>=0,1,-1)*ACOS(MAX(-1,MIN(1,(Geometry!$B$27*COS(O34)+Geometry!$B$31*SIN(O34)+Geometry!$B$7*Geometry!$B$30*(1-COS(O34)))/SQRT((Geometry!$B$27*COS(O34)+Geometry!$B$31*SIN(O34)+Geometry!$B$7*Geometry!$B$30*(1-COS(O34)))^2+(Geometry!$B$28*COS(O34)+Geometry!$B$32*SIN(O34)+Geometry!$B$8*Geometry!$B$30*(1-COS(O34)))^2))))*180/PI()) -> -11.664428 | R34: =IF(NOT(ISNUMBER($A34)),"",Inputs!$B$21+$A34*Inputs!$E$6/SQRT(Inputs!$E$6^2+Inputs!$E$7^2+Inputs!$E$8^2)) -> 919.873 | S34: =IF(NOT(ISNUMBER($A34)),"",Inputs!$C$21+$A34*Inputs!$E$7/SQRT(Inputs!$E$6^2+Inputs!$E$7^2+Inputs!$E$8^2)) -> -285.454 | T34: =IF(NOT(ISNUMBER($A34)),"",Inputs!$D$21+$A34*Inputs!$E$8/SQRT(Inputs!$E$6^2+Inputs!$E$7^2+Inputs!$E$8^2)) -> 182.189 | U34: =IF(NOT(ISNUMBER($A34)),"",Inputs!$B$19+Geometry!$C$15-R34) -> -24.932661 | V34: =IF(NOT(ISNUMBER($A34)),"",Inputs!$C$19+Geometry!$C$16-S34) -> -155.76798 | W34: =IF(NOT(ISNUMBER($A34)),"",Inputs!$D$19+Geometry!$C$17-T34) -> 11.015352 | X34: =IF(NOT(ISNUMBER($A34)),"",2*(U34*Geometry!$C$18+V34*Geometry!$C$19+W34*Geometry!$C$20)) -> 5168.5588 | Y34: =IF(NOT(ISNUMBER($A34)),"",2*(U34*Geometry!$C$21+V34*Geometry!$C$22+W34*Geometry!$C$23)) -> -47172.383 | Z34: =IF(NOT(ISNUMBER($A34)),"",Geometry!$C$24^2-(U34^2+V34^2+W34^2)-(Geometry!$C$18^2+Geometry!$C$19^2+Geometry!$C$20^2)) -> 16833.191 | AA34: =IF(NOT(ISNUMBER($A34)),"",SQRT(X34^2+Y34^2)) -> 47454.691 | AB34: =IF(OR(NOT(ISNUMBER($A34)),AA34<0.000000000001),"",MAX(-1,MIN(1,Z34/AA34))) -> 0.35472132 | AC34: =IF(OR(NOT(ISNUMBER($A34)),AA34<0.000000000001),"",IF(Y34>=0,ACOS(MAX(-1,MIN(1,X34/AA34))),-ACOS(MAX(-1,MIN(1,X34/AA34))))) -> -1.4616642 | AD34: =IF(AB34="","",ACOS(AB34)) -> 1.2081803 | AE34: =IF(AC34="","",MOD(AC34+Geometry!$C$47*AD34+PI(),2*PI())-PI()) -> -0.25348384 | AF34: =IF(NOT(ISNUMBER($A34)),"",AND(AA34>=0.000000000001,ABS(Z34)<=AA34+0.00000001)) -> TRUE | AG34: =IF(AF34=FALSE,"",IF((Geometry!$C$28*COS(AE34)+Geometry!$C$32*SIN(AE34)+Geometry!$C$8*Geometry!$C$30*(1-COS(AE34)))>=0,1,-1)*ACOS(MAX(-1,MIN(1,(Geometry!$C$27*COS(AE34)+Geometry!$C$31*SIN(AE34)+Geometry!$C$7*Geometry!$C$30*(1-COS(AE34)))/SQRT((Geometry!$C$27*COS(AE34)+Geometry!$C$31*SIN(AE34)+Geometry!$C$7*Geometry!$C$30*(1-COS(AE34)))^2+(Geometry!$C$28*COS(AE34)+Geometry!$C$32*SIN(AE34)+Geometry!$C$8*Geometry!$C$30*(1-COS(AE34)))^2))))*180/PI()) -> -14.286319
A35: =IF(Inputs!$E$9+33*Inputs!$E$11<=Inputs!$E$10,Inputs!$E$9+33*Inputs!$E$11,"") -> -27 | B35: =IF(NOT(ISNUMBER($A35)),"",Inputs!$B$17+$A35*Inputs!$E$6/SQRT(Inputs!$E$6^2+Inputs!$E$7^2+Inputs!$E$8^2)) -> 919.873 | C35: =IF(NOT(ISNUMBER($A35)),"",Inputs!$C$17+$A35*Inputs!$E$7/SQRT(Inputs!$E$6^2+Inputs!$E$7^2+Inputs!$E$8^2)) -> 230.454 | D35: =IF(NOT(ISNUMBER($A35)),"",Inputs!$D$17+$A35*Inputs!$E$8/SQRT(Inputs!$E$6^2+Inputs!$E$7^2+Inputs!$E$8^2)) -> 182.189 | E35: =IF(NOT(ISNUMBER($A35)),"",Inputs!$B$15+Geometry!$B$15-B35) -> -24.932661 | F35: =IF(NOT(ISNUMBER($A35)),"",Inputs!$C$15+Geometry!$B$16-C35) -> 210.76798 | G35: =IF(NOT(ISNUMBER($A35)),"",Inputs!$D$15+Geometry!$B$17-D35) -> 11.015352 | H35: =IF(NOT(ISNUMBER($A35)),"",2*(E35*Geometry!$B$18+F35*Geometry!$B$19+G35*Geometry!$B$20)) -> 9406.7505 | I35: =IF(NOT(ISNUMBER($A35)),"",2*(E35*Geometry!$B$21+F35*Geometry!$B$22+G35*Geometry!$B$23)) -> 62928.913 | J35: =IF(NOT(ISNUMBER($A35)),"",Geometry!$B$24^2-(E35^2+F35^2+G35^2)-(Geometry!$B$18^2+Geometry!$B$19^2+Geometry!$B$20^2)) -> -3326.2875 | K35: =IF(NOT(ISNUMBER($A35)),"",SQRT(H35^2+I35^2)) -> 63628.099 | L35: =IF(OR(NOT(ISNUMBER($A35)),K35<0.000000000001),"",MAX(-1,MIN(1,J35/K35))) -> -0.052277021 | M35: =IF(OR(NOT(ISNUMBER($A35)),K35<0.000000000001),"",IF(I35>=0,ACOS(MAX(-1,MIN(1,H35/K35))),-ACOS(MAX(-1,MIN(1,H35/K35))))) -> 1.4224129 | N35: =IF(L35="","",ACOS(L35)) -> 1.6230972 | O35: =IF(M35="","",MOD(M35+Geometry!$B$47*N35+PI(),2*PI())-PI()) -> -0.20068434 | P35: =IF(NOT(ISNUMBER($A35)),"",AND(K35>=0.000000000001,ABS(J35)<=K35+0.00000001)) -> TRUE | Q35: =IF(P35=FALSE,"",IF((Geometry!$B$28*COS(O35)+Geometry!$B$32*SIN(O35)+Geometry!$B$8*Geometry!$B$30*(1-COS(O35)))>=0,1,-1)*ACOS(MAX(-1,MIN(1,(Geometry!$B$27*COS(O35)+Geometry!$B$31*SIN(O35)+Geometry!$B$7*Geometry!$B$30*(1-COS(O35)))/SQRT((Geometry!$B$27*COS(O35)+Geometry!$B$31*SIN(O35)+Geometry!$B$7*Geometry!$B$30*(1-COS(O35)))^2+(Geometry!$B$28*COS(O35)+Geometry!$B$32*SIN(O35)+Geometry!$B$8*Geometry!$B$30*(1-COS(O35)))^2))))*180/PI()) -> -11.276398 | R35: =IF(NOT(ISNUMBER($A35)),"",Inputs!$B$21+$A35*Inputs!$E$6/SQRT(Inputs!$E$6^2+Inputs!$E$7^2+Inputs!$E$8^2)) -> 919.873 | S35: =IF(NOT(ISNUMBER($A35)),"",Inputs!$C$21+$A35*Inputs!$E$7/SQRT(Inputs!$E$6^2+Inputs!$E$7^2+Inputs!$E$8^2)) -> -284.454 | T35: =IF(NOT(ISNUMBER($A35)),"",Inputs!$D$21+$A35*Inputs!$E$8/SQRT(Inputs!$E$6^2+Inputs!$E$7^2+Inputs!$E$8^2)) -> 182.189 | U35: =IF(NOT(ISNUMBER($A35)),"",Inputs!$B$19+Geometry!$C$15-R35) -> -24.932661 | V35: =IF(NOT(ISNUMBER($A35)),"",Inputs!$C$19+Geometry!$C$16-S35) -> -156.76798 | W35: =IF(NOT(ISNUMBER($A35)),"",Inputs!$D$19+Geometry!$C$17-T35) -> 11.015352 | X35: =IF(NOT(ISNUMBER($A35)),"",2*(U35*Geometry!$C$18+V35*Geometry!$C$19+W35*Geometry!$C$20)) -> 5245.6168 | Y35: =IF(NOT(ISNUMBER($A35)),"",2*(U35*Geometry!$C$21+V35*Geometry!$C$22+W35*Geometry!$C$23)) -> -47458.865 | Z35: =IF(NOT(ISNUMBER($A35)),"",Geometry!$C$24^2-(U35^2+V35^2+W35^2)-(Geometry!$C$18^2+Geometry!$C$19^2+Geometry!$C$20^2)) -> 16520.655 | AA35: =IF(NOT(ISNUMBER($A35)),"",SQRT(X35^2+Y35^2)) -> 47747.884 | AB35: =IF(OR(NOT(ISNUMBER($A35)),AA35<0.000000000001),"",MAX(-1,MIN(1,Z35/AA35))) -> 0.34599764 | AC35: =IF(OR(NOT(ISNUMBER($A35)),AA35<0.000000000001),"",IF(Y35>=0,ACOS(MAX(-1,MIN(1,X35/AA35))),-ACOS(MAX(-1,MIN(1,X35/AA35))))) -> -1.4607134 | AD35: =IF(AB35="","",ACOS(AB35)) -> 1.2174944 | AE35: =IF(AC35="","",MOD(AC35+Geometry!$C$47*AD35+PI(),2*PI())-PI()) -> -0.24321897 | AF35: =IF(NOT(ISNUMBER($A35)),"",AND(AA35>=0.000000000001,ABS(Z35)<=AA35+0.00000001)) -> TRUE | AG35: =IF(AF35=FALSE,"",IF((Geometry!$C$28*COS(AE35)+Geometry!$C$32*SIN(AE35)+Geometry!$C$8*Geometry!$C$30*(1-COS(AE35)))>=0,1,-1)*ACOS(MAX(-1,MIN(1,(Geometry!$C$27*COS(AE35)+Geometry!$C$31*SIN(AE35)+Geometry!$C$7*Geometry!$C$30*(1-COS(AE35)))/SQRT((Geometry!$C$27*COS(AE35)+Geometry!$C$31*SIN(AE35)+Geometry!$C$7*Geometry!$C$30*(1-COS(AE35)))^2+(Geometry!$C$28*COS(AE35)+Geometry!$C$32*SIN(AE35)+Geometry!$C$8*Geometry!$C$30*(1-COS(AE35)))^2))))*180/PI()) -> -13.706325
A36: =IF(Inputs!$E$9+34*Inputs!$E$11<=Inputs!$E$10,Inputs!$E$9+34*Inputs!$E$11,"") -> -26 | B36: =IF(NOT(ISNUMBER($A36)),"",Inputs!$B$17+$A36*Inputs!$E$6/SQRT(Inputs!$E$6^2+Inputs!$E$7^2+Inputs!$E$8^2)) -> 919.873 | C36: =IF(NOT(ISNUMBER($A36)),"",Inputs!$C$17+$A36*Inputs!$E$7/SQRT(Inputs!$E$6^2+Inputs!$E$7^2+Inputs!$E$8^2)) -> 231.454 | D36: =IF(NOT(ISNUMBER($A36)),"",Inputs!$D$17+$A36*Inputs!$E$8/SQRT(Inputs!$E$6^2+Inputs!$E$7^2+Inputs!$E$8^2)) -> 182.189 | E36: =IF(NOT(ISNUMBER($A36)),"",Inputs!$B$15+Geometry!$B$15-B36) -> -24.932661 | F36: =IF(NOT(ISNUMBER($A36)),"",Inputs!$C$15+Geometry!$B$16-C36) -> 209.76798 | G36: =IF(NOT(ISNUMBER($A36)),"",Inputs!$D$15+Geometry!$B$17-D36) -> 11.015352 | H36: =IF(NOT(ISNUMBER($A36)),"",2*(E36*Geometry!$B$18+F36*Geometry!$B$19+G36*Geometry!$B$20)) -> 9329.6925 | I36: =IF(NOT(ISNUMBER($A36)),"",2*(E36*Geometry!$B$21+F36*Geometry!$B$22+G36*Geometry!$B$23)) -> 62642.431 | J36: =IF(NOT(ISNUMBER($A36)),"",Geometry!$B$24^2-(E36^2+F36^2+G36^2)-(Geometry!$B$18^2+Geometry!$B$19^2+Geometry!$B$20^2)) -> -2905.7515 | K36: =IF(NOT(ISNUMBER($A36)),"",SQRT(H36^2+I36^2)) -> 63333.382 | L36: =IF(OR(NOT(ISNUMBER($A36)),K36<0.000000000001),"",MAX(-1,MIN(1,J36/K36))) -> -0.045880252 | M36: =IF(OR(NOT(ISNUMBER($A36)),K36<0.000000000001),"",IF(I36>=0,ACOS(MAX(-1,MIN(1,H36/K36))),-ACOS(MAX(-1,MIN(1,H36/K36))))) -> 1.4229474 | N36: =IF(L36="","",ACOS(L36)) -> 1.6166927 | O36: =IF(M36="","",MOD(M36+Geometry!$B$47*N36+PI(),2*PI())-PI()) -> -0.19374524 | P36: =IF(NOT(ISNUMBER($A36)),"",AND(K36>=0.000000000001,ABS(J36)<=K36+0.00000001)) -> TRUE | Q36: =IF(P36=FALSE,"",IF((Geometry!$B$28*COS(O36)+Geometry!$B$32*SIN(O36)+Geometry!$B$8*Geometry!$B$30*(1-COS(O36)))>=0,1,-1)*ACOS(MAX(-1,MIN(1,(Geometry!$B$27*COS(O36)+Geometry!$B$31*SIN(O36)+Geometry!$B$7*Geometry!$B$30*(1-COS(O36)))/SQRT((Geometry!$B$27*COS(O36)+Geometry!$B$31*SIN(O36)+Geometry!$B$7*Geometry!$B$30*(1-COS(O36)))^2+(Geometry!$B$28*COS(O36)+Geometry!$B$32*SIN(O36)+Geometry!$B$8*Geometry!$B$30*(1-COS(O36)))^2))))*180/PI()) -> -10.886654 | R36: =IF(NOT(ISNUMBER($A36)),"",Inputs!$B$21+$A36*Inputs!$E$6/SQRT(Inputs!$E$6^2+Inputs!$E$7^2+Inputs!$E$8^2)) -> 919.873 | S36: =IF(NOT(ISNUMBER($A36)),"",Inputs!$C$21+$A36*Inputs!$E$7/SQRT(Inputs!$E$6^2+Inputs!$E$7^2+Inputs!$E$8^2)) -> -283.454 | T36: =IF(NOT(ISNUMBER($A36)),"",Inputs!$D$21+$A36*Inputs!$E$8/SQRT(Inputs!$E$6^2+Inputs!$E$7^2+Inputs!$E$8^2)) -> 182.189 | U36: =IF(NOT(ISNUMBER($A36)),"",Inputs!$B$19+Geometry!$C$15-R36) -> -24.932661 | V36: =IF(NOT(ISNUMBER($A36)),"",Inputs!$C$19+Geometry!$C$16-S36) -> -157.76798 | W36: =IF(NOT(ISNUMBER($A36)),"",Inputs!$D$19+Geometry!$C$17-T36) -> 11.015352 | X36: =IF(NOT(ISNUMBER($A36)),"",2*(U36*Geometry!$C$18+V36*Geometry!$C$19+W36*Geometry!$C$20)) -> 5322.6749 | Y36: =IF(NOT(ISNUMBER($A36)),"",2*(U36*Geometry!$C$21+V36*Geometry!$C$22+W36*Geometry!$C$23)) -> -47745.348 | Z36: =IF(NOT(ISNUMBER($A36)),"",Geometry!$C$24^2-(U36^2+V36^2+W36^2)-(Geometry!$C$18^2+Geometry!$C$19^2+Geometry!$C$20^2)) -> 16206.119 | AA36: =IF(NOT(ISNUMBER($A36)),"",SQRT(X36^2+Y36^2)) -> 48041.119 | AB36: =IF(OR(NOT(ISNUMBER($A36)),AA36<0.000000000001),"",MAX(-1,MIN(1,Z36/AA36))) -> 0.3373385 | AC36: =IF(OR(NOT(ISNUMBER($A36)),AA36<0.000000000001),"",IF(Y36>=0,ACOS(MAX(-1,MIN(1,X36/AA36))),-ACOS(MAX(-1,MIN(1,X36/AA36))))) -> -1.4597742 | AD36: =IF(AB36="","",ACOS(AB36)) -> 1.2267081 | AE36: =IF(AC36="","",MOD(AC36+Geometry!$C$47*AD36+PI(),2*PI())-PI()) -> -0.23306615 | AF36: =IF(NOT(ISNUMBER($A36)),"",AND(AA36>=0.000000000001,ABS(Z36)<=AA36+0.00000001)) -> TRUE | AG36: =IF(AF36=FALSE,"",IF((Geometry!$C$28*COS(AE36)+Geometry!$C$32*SIN(AE36)+Geometry!$C$8*Geometry!$C$30*(1-COS(AE36)))>=0,1,-1)*ACOS(MAX(-1,MIN(1,(Geometry!$C$27*COS(AE36)+Geometry!$C$31*SIN(AE36)+Geometry!$C$7*Geometry!$C$30*(1-COS(AE36)))/SQRT((Geometry!$C$27*COS(AE36)+Geometry!$C$31*SIN(AE36)+Geometry!$C$7*Geometry!$C$30*(1-COS(AE36)))^2+(Geometry!$C$28*COS(AE36)+Geometry!$C$32*SIN(AE36)+Geometry!$C$8*Geometry!$C$30*(1-COS(AE36)))^2))))*180/PI()) -> -13.132803
A37: =IF(Inputs!$E$9+35*Inputs!$E$11<=Inputs!$E$10,Inputs!$E$9+35*Inputs!$E$11,"") -> -25 | B37: =IF(NOT(ISNUMBER($A37)),"",Inputs!$B$17+$A37*Inputs!$E$6/SQRT(Inputs!$E$6^2+Inputs!$E$7^2+Inputs!$E$8^2)) -> 919.873 | C37: =IF(NOT(ISNUMBER($A37)),"",Inputs!$C$17+$A37*Inputs!$E$7/SQRT(Inputs!$E$6^2+Inputs!$E$7^2+Inputs!$E$8^2)) -> 232.454 | D37: =IF(NOT(ISNUMBER($A37)),"",Inputs!$D$17+$A37*Inputs!$E$8/SQRT(Inputs!$E$6^2+Inputs!$E$7^2+Inputs!$E$8^2)) -> 182.189 | E37: =IF(NOT(ISNUMBER($A37)),"",Inputs!$B$15+Geometry!$B$15-B37) -> -24.932661 | F37: =IF(NOT(ISNUMBER($A37)),"",Inputs!$C$15+Geometry!$B$16-C37) -> 208.76798 | G37: =IF(NOT(ISNUMBER($A37)),"",Inputs!$D$15+Geometry!$B$17-D37) -> 11.015352 | H37: =IF(NOT(ISNUMBER($A37)),"",2*(E37*Geometry!$B$18+F37*Geometry!$B$19+G37*Geometry!$B$20)) -> 9252.6345 | I37: =IF(NOT(ISNUMBER($A37)),"",2*(E37*Geometry!$B$21+F37*Geometry!$B$22+G37*Geometry!$B$23)) -> 62355.948 | J37: =IF(NOT(ISNUMBER($A37)),"",Geometry!$B$24^2-(E37^2+F37^2+G37^2)-(Geometry!$B$18^2+Geometry!$B$19^2+Geometry!$B$20^2)) -> -2487.2155 | K37: =IF(NOT(ISNUMBER($A37)),"",SQRT(H37^2+I37^2)) -> 63038.683 | L37: =IF(OR(NOT(ISNUMBER($A37)),K37<0.000000000001),"",MAX(-1,MIN(1,J37/K37))) -> -0.039455386 | M37: =IF(OR(NOT(ISNUMBER($A37)),K37<0.000000000001),"",IF(I37>=0,ACOS(MAX(-1,MIN(1,H37/K37))),-ACOS(MAX(-1,MIN(1,H37/K37))))) -> 1.423487 | N37: =IF(L37="","",ACOS(L37)) -> 1.610262 | O37: =IF(M37="","",MOD(M37+Geometry!$B$47*N37+PI(),2*PI())-PI()) -> -0.18677491 | P37: =IF(NOT(ISNUMBER($A37)),"",AND(K37>=0.000000000001,ABS(J37)<=K37+0.00000001)) -> TRUE | Q37: =IF(P37=FALSE,"",IF((Geometry!$B$28*COS(O37)+Geometry!$B$32*SIN(O37)+Geometry!$B$8*Geometry!$B$30*(1-COS(O37)))>=0,1,-1)*ACOS(MAX(-1,MIN(1,(Geometry!$B$27*COS(O37)+Geometry!$B$31*SIN(O37)+Geometry!$B$7*Geometry!$B$30*(1-COS(O37)))/SQRT((Geometry!$B$27*COS(O37)+Geometry!$B$31*SIN(O37)+Geometry!$B$7*Geometry!$B$30*(1-COS(O37)))^2+(Geometry!$B$28*COS(O37)+Geometry!$B$32*SIN(O37)+Geometry!$B$8*Geometry!$B$30*(1-COS(O37)))^2))))*180/PI()) -> -10.495156 | R37: =IF(NOT(ISNUMBER($A37)),"",Inputs!$B$21+$A37*Inputs!$E$6/SQRT(Inputs!$E$6^2+Inputs!$E$7^2+Inputs!$E$8^2)) -> 919.873 | S37: =IF(NOT(ISNUMBER($A37)),"",Inputs!$C$21+$A37*Inputs!$E$7/SQRT(Inputs!$E$6^2+Inputs!$E$7^2+Inputs!$E$8^2)) -> -282.454 | T37: =IF(NOT(ISNUMBER($A37)),"",Inputs!$D$21+$A37*Inputs!$E$8/SQRT(Inputs!$E$6^2+Inputs!$E$7^2+Inputs!$E$8^2)) -> 182.189 | U37: =IF(NOT(ISNUMBER($A37)),"",Inputs!$B$19+Geometry!$C$15-R37) -> -24.932661 | V37: =IF(NOT(ISNUMBER($A37)),"",Inputs!$C$19+Geometry!$C$16-S37) -> -158.76798 | W37: =IF(NOT(ISNUMBER($A37)),"",Inputs!$D$19+Geometry!$C$17-T37) -> 11.015352 | X37: =IF(NOT(ISNUMBER($A37)),"",2*(U37*Geometry!$C$18+V37*Geometry!$C$19+W37*Geometry!$C$20)) -> 5399.7329 | Y37: =IF(NOT(ISNUMBER($A37)),"",2*(U37*Geometry!$C$21+V37*Geometry!$C$22+W37*Geometry!$C$23)) -> -48031.83 | Z37: =IF(NOT(ISNUMBER($A37)),"",Geometry!$C$24^2-(U37^2+V37^2+W37^2)-(Geometry!$C$18^2+Geometry!$C$19^2+Geometry!$C$20^2)) -> 15889.583 | AA37: =IF(NOT(ISNUMBER($A37)),"",SQRT(X37^2+Y37^2)) -> 48334.396 | AB37: =IF(OR(NOT(ISNUMBER($A37)),AA37<0.000000000001),"",MAX(-1,MIN(1,Z37/AA37))) -> 0.32874276 | AC37: =IF(OR(NOT(ISNUMBER($A37)),AA37<0.000000000001),"",IF(Y37>=0,ACOS(MAX(-1,MIN(1,X37/AA37))),-ACOS(MAX(-1,MIN(1,X37/AA37))))) -> -1.4588465 | AD37: =IF(AB37="","",ACOS(AB37)) -> 1.2358243 | AE37: =IF(AC37="","",MOD(AC37+Geometry!$C$47*AD37+PI(),2*PI())-PI()) -> -0.22302219 | AF37: =IF(NOT(ISNUMBER($A37)),"",AND(AA37>=0.000000000001,ABS(Z37)<=AA37+0.00000001)) -> TRUE | AG37: =IF(AF37=FALSE,"",IF((Geometry!$C$28*COS(AE37)+Geometry!$C$32*SIN(AE37)+Geometry!$C$8*Geometry!$C$30*(1-COS(AE37)))>=0,1,-1)*ACOS(MAX(-1,MIN(1,(Geometry!$C$27*COS(AE37)+Geometry!$C$31*SIN(AE37)+Geometry!$C$7*Geometry!$C$30*(1-COS(AE37)))/SQRT((Geometry!$C$27*COS(AE37)+Geometry!$C$31*SIN(AE37)+Geometry!$C$7*Geometry!$C$30*(1-COS(AE37)))^2+(Geometry!$C$28*COS(AE37)+Geometry!$C$32*SIN(AE37)+Geometry!$C$8*Geometry!$C$30*(1-COS(AE37)))^2))))*180/PI()) -> -12.565565
A38: =IF(Inputs!$E$9+36*Inputs!$E$11<=Inputs!$E$10,Inputs!$E$9+36*Inputs!$E$11,"") -> -24 | B38: =IF(NOT(ISNUMBER($A38)),"",Inputs!$B$17+$A38*Inputs!$E$6/SQRT(Inputs!$E$6^2+Inputs!$E$7^2+Inputs!$E$8^2)) -> 919.873 | C38: =IF(NOT(ISNUMBER($A38)),"",Inputs!$C$17+$A38*Inputs!$E$7/SQRT(Inputs!$E$6^2+Inputs!$E$7^2+Inputs!$E$8^2)) -> 233.454 | D38: =IF(NOT(ISNUMBER($A38)),"",Inputs!$D$17+$A38*Inputs!$E$8/SQRT(Inputs!$E$6^2+Inputs!$E$7^2+Inputs!$E$8^2)) -> 182.189 | E38: =IF(NOT(ISNUMBER($A38)),"",Inputs!$B$15+Geometry!$B$15-B38) -> -24.932661 | F38: =IF(NOT(ISNUMBER($A38)),"",Inputs!$C$15+Geometry!$B$16-C38) -> 207.76798 | G38: =IF(NOT(ISNUMBER($A38)),"",Inputs!$D$15+Geometry!$B$17-D38) -> 11.015352 | H38: =IF(NOT(ISNUMBER($A38)),"",2*(E38*Geometry!$B$18+F38*Geometry!$B$19+G38*Geometry!$B$20)) -> 9175.5764 | I38: =IF(NOT(ISNUMBER($A38)),"",2*(E38*Geometry!$B$21+F38*Geometry!$B$22+G38*Geometry!$B$23)) -> 62069.466 | J38: =IF(NOT(ISNUMBER($A38)),"",Geometry!$B$24^2-(E38^2+F38^2+G38^2)-(Geometry!$B$18^2+Geometry!$B$19^2+Geometry!$B$20^2)) -> -2070.6796 | K38: =IF(NOT(ISNUMBER($A38)),"",SQRT(H38^2+I38^2)) -> 62744.002 | L38: =IF(OR(NOT(ISNUMBER($A38)),K38<0.000000000001),"",MAX(-1,MIN(1,J38/K38))) -> -0.033002032 | M38: =IF(OR(NOT(ISNUMBER($A38)),K38<0.000000000001),"",IF(I38>=0,ACOS(MAX(-1,MIN(1,H38/K38))),-ACOS(MAX(-1,MIN(1,H38/K38))))) -> 1.4240317 | N38: =IF(L38="","",ACOS(L38)) -> 1.6038044 | O38: =IF(M38="","",MOD(M38+Geometry!$B$47*N38+PI(),2*PI())-PI()) -> -0.17977264 | P38: =IF(NOT(ISNUMBER($A38)),"",AND(K38>=0.000000000001,ABS(J38)<=K38+0.00000001)) -> TRUE | Q38: =IF(P38=FALSE,"",IF((Geometry!$B$28*COS(O38)+Geometry!$B$32*SIN(O38)+Geometry!$B$8*Geometry!$B$30*(1-COS(O38)))>=0,1,-1)*ACOS(MAX(-1,MIN(1,(Geometry!$B$27*COS(O38)+Geometry!$B$31*SIN(O38)+Geometry!$B$7*Geometry!$B$30*(1-COS(O38)))/SQRT((Geometry!$B$27*COS(O38)+Geometry!$B$31*SIN(O38)+Geometry!$B$7*Geometry!$B$30*(1-COS(O38)))^2+(Geometry!$B$28*COS(O38)+Geometry!$B$32*SIN(O38)+Geometry!$B$8*Geometry!$B$30*(1-COS(O38)))^2))))*180/PI()) -> -10.101862 | R38: =IF(NOT(ISNUMBER($A38)),"",Inputs!$B$21+$A38*Inputs!$E$6/SQRT(Inputs!$E$6^2+Inputs!$E$7^2+Inputs!$E$8^2)) -> 919.873 | S38: =IF(NOT(ISNUMBER($A38)),"",Inputs!$C$21+$A38*Inputs!$E$7/SQRT(Inputs!$E$6^2+Inputs!$E$7^2+Inputs!$E$8^2)) -> -281.454 | T38: =IF(NOT(ISNUMBER($A38)),"",Inputs!$D$21+$A38*Inputs!$E$8/SQRT(Inputs!$E$6^2+Inputs!$E$7^2+Inputs!$E$8^2)) -> 182.189 | U38: =IF(NOT(ISNUMBER($A38)),"",Inputs!$B$19+Geometry!$C$15-R38) -> -24.932661 | V38: =IF(NOT(ISNUMBER($A38)),"",Inputs!$C$19+Geometry!$C$16-S38) -> -159.76798 | W38: =IF(NOT(ISNUMBER($A38)),"",Inputs!$D$19+Geometry!$C$17-T38) -> 11.015352 | X38: =IF(NOT(ISNUMBER($A38)),"",2*(U38*Geometry!$C$18+V38*Geometry!$C$19+W38*Geometry!$C$20)) -> 5476.7909 | Y38: =IF(NOT(ISNUMBER($A38)),"",2*(U38*Geometry!$C$21+V38*Geometry!$C$22+W38*Geometry!$C$23)) -> -48318.312 | Z38: =IF(NOT(ISNUMBER($A38)),"",Geometry!$C$24^2-(U38^2+V38^2+W38^2)-(Geometry!$C$18^2+Geometry!$C$19^2+Geometry!$C$20^2)) -> 15571.047 | AA38: =IF(NOT(ISNUMBER($A38)),"",SQRT(X38^2+Y38^2)) -> 48627.714 | AB38: =IF(OR(NOT(ISNUMBER($A38)),AA38<0.000000000001),"",MAX(-1,MIN(1,Z38/AA38))) -> 0.32020931 | AC38: =IF(OR(NOT(ISNUMBER($A38)),AA38<0.000000000001),"",IF(Y38>=0,ACOS(MAX(-1,MIN(1,X38/AA38))),-ACOS(MAX(-1,MIN(1,X38/AA38))))) -> -1.4579299 | AD38: =IF(AB38="","",ACOS(AB38)) -> 1.2448459 | AE38: =IF(AC38="","",MOD(AC38+Geometry!$C$47*AD38+PI(),2*PI())-PI()) -> -0.213084 | AF38: =IF(NOT(ISNUMBER($A38)),"",AND(AA38>=0.000000000001,ABS(Z38)<=AA38+0.00000001)) -> TRUE | AG38: =IF(AF38=FALSE,"",IF((Geometry!$C$28*COS(AE38)+Geometry!$C$32*SIN(AE38)+Geometry!$C$8*Geometry!$C$30*(1-COS(AE38)))>=0,1,-1)*ACOS(MAX(-1,MIN(1,(Geometry!$C$27*COS(AE38)+Geometry!$C$31*SIN(AE38)+Geometry!$C$7*Geometry!$C$30*(1-COS(AE38)))/SQRT((Geometry!$C$27*COS(AE38)+Geometry!$C$31*SIN(AE38)+Geometry!$C$7*Geometry!$C$30*(1-COS(AE38)))^2+(Geometry!$C$28*COS(AE38)+Geometry!$C$32*SIN(AE38)+Geometry!$C$8*Geometry!$C$30*(1-COS(AE38)))^2))))*180/PI()) -> -12.004431
A39: =IF(Inputs!$E$9+37*Inputs!$E$11<=Inputs!$E$10,Inputs!$E$9+37*Inputs!$E$11,"") -> -23 | B39: =IF(NOT(ISNUMBER($A39)),"",Inputs!$B$17+$A39*Inputs!$E$6/SQRT(Inputs!$E$6^2+Inputs!$E$7^2+Inputs!$E$8^2)) -> 919.873 | C39: =IF(NOT(ISNUMBER($A39)),"",Inputs!$C$17+$A39*Inputs!$E$7/SQRT(Inputs!$E$6^2+Inputs!$E$7^2+Inputs!$E$8^2)) -> 234.454 | D39: =IF(NOT(ISNUMBER($A39)),"",Inputs!$D$17+$A39*Inputs!$E$8/SQRT(Inputs!$E$6^2+Inputs!$E$7^2+Inputs!$E$8^2)) -> 182.189 | E39: =IF(NOT(ISNUMBER($A39)),"",Inputs!$B$15+Geometry!$B$15-B39) -> -24.932661 | F39: =IF(NOT(ISNUMBER($A39)),"",Inputs!$C$15+Geometry!$B$16-C39) -> 206.76798 | G39: =IF(NOT(ISNUMBER($A39)),"",Inputs!$D$15+Geometry!$B$17-D39) -> 11.015352 | H39: =IF(NOT(ISNUMBER($A39)),"",2*(E39*Geometry!$B$18+F39*Geometry!$B$19+G39*Geometry!$B$20)) -> 9098.5184 | I39: =IF(NOT(ISNUMBER($A39)),"",2*(E39*Geometry!$B$21+F39*Geometry!$B$22+G39*Geometry!$B$23)) -> 61782.984 | J39: =IF(NOT(ISNUMBER($A39)),"",Geometry!$B$24^2-(E39^2+F39^2+G39^2)-(Geometry!$B$18^2+Geometry!$B$19^2+Geometry!$B$20^2)) -> -1656.1436 | K39: =IF(NOT(ISNUMBER($A39)),"",SQRT(H39^2+I39^2)) -> 62449.34 | L39: =IF(OR(NOT(ISNUMBER($A39)),K39<0.000000000001),"",MAX(-1,MIN(1,J39/K39))) -> -0.026519794 | M39: =IF(OR(NOT(ISNUMBER($A39)),K39<0.000000000001),"",IF(I39>=0,ACOS(MAX(-1,MIN(1,H39/K39))),-ACOS(MAX(-1,MIN(1,H39/K39))))) -> 1.4245815 | N39: =IF(L39="","",ACOS(L39)) -> 1.5973192 | O39: =IF(M39="","",MOD(M39+Geometry!$B$47*N39+PI(),2*PI())-PI()) -> -0.17273772 | P39: =IF(NOT(ISNUMBER($A39)),"",AND(K39>=0.000000000001,ABS(J39)<=K39+0.00000001)) -> TRUE | Q39: =IF(P39=FALSE,"",IF((Geometry!$B$28*COS(O39)+Geometry!$B$32*SIN(O39)+Geometry!$B$8*Geometry!$B$30*(1-COS(O39)))>=0,1,-1)*ACOS(MAX(-1,MIN(1,(Geometry!$B$27*COS(O39)+Geometry!$B$31*SIN(O39)+Geometry!$B$7*Geometry!$B$30*(1-COS(O39)))/SQRT((Geometry!$B$27*COS(O39)+Geometry!$B$31*SIN(O39)+Geometry!$B$7*Geometry!$B$30*(1-COS(O39)))^2+(Geometry!$B$28*COS(O39)+Geometry!$B$32*SIN(O39)+Geometry!$B$8*Geometry!$B$30*(1-COS(O39)))^2))))*180/PI()) -> -9.7067317 | R39: =IF(NOT(ISNUMBER($A39)),"",Inputs!$B$21+$A39*Inputs!$E$6/SQRT(Inputs!$E$6^2+Inputs!$E$7^2+Inputs!$E$8^2)) -> 919.873 | S39: =IF(NOT(ISNUMBER($A39)),"",Inputs!$C$21+$A39*Inputs!$E$7/SQRT(Inputs!$E$6^2+Inputs!$E$7^2+Inputs!$E$8^2)) -> -280.454 | T39: =IF(NOT(ISNUMBER($A39)),"",Inputs!$D$21+$A39*Inputs!$E$8/SQRT(Inputs!$E$6^2+Inputs!$E$7^2+Inputs!$E$8^2)) -> 182.189 | U39: =IF(NOT(ISNUMBER($A39)),"",Inputs!$B$19+Geometry!$C$15-R39) -> -24.932661 | V39: =IF(NOT(ISNUMBER($A39)),"",Inputs!$C$19+Geometry!$C$16-S39) -> -160.76798 | W39: =IF(NOT(ISNUMBER($A39)),"",Inputs!$D$19+Geometry!$C$17-T39) -> 11.015352 | X39: =IF(NOT(ISNUMBER($A39)),"",2*(U39*Geometry!$C$18+V39*Geometry!$C$19+W39*Geometry!$C$20)) -> 5553.849 | Y39: =IF(NOT(ISNUMBER($A39)),"",2*(U39*Geometry!$C$21+V39*Geometry!$C$22+W39*Geometry!$C$23)) -> -48604.795 | Z39: =IF(NOT(ISNUMBER($A39)),"",Geometry!$C$24^2-(U39^2+V39^2+W39^2)-(Geometry!$C$18^2+Geometry!$C$19^2+Geometry!$C$20^2)) -> 15250.511 | AA39: =IF(NOT(ISNUMBER($A39)),"",SQRT(X39^2+Y39^2)) -> 48921.072 | AB39: =IF(OR(NOT(ISNUMBER($A39)),AA39<0.000000000001),"",MAX(-1,MIN(1,Z39/AA39))) -> 0.31173705 | AC39: =IF(OR(NOT(ISNUMBER($A39)),AA39<0.000000000001),"",IF(Y39>=0,ACOS(MAX(-1,MIN(1,X39/AA39))),-ACOS(MAX(-1,MIN(1,X39/AA39))))) -> -1.4570243 | AD39: =IF(AB39="","",ACOS(AB39)) -> 1.2537757 | AE39: =IF(AC39="","",MOD(AC39+Geometry!$C$47*AD39+PI(),2*PI())-PI()) -> -0.20324863 | AF39: =IF(NOT(ISNUMBER($A39)),"",AND(AA39>=0.000000000001,ABS(Z39)<=AA39+0.00000001)) -> TRUE | AG39: =IF(AF39=FALSE,"",IF((Geometry!$C$28*COS(AE39)+Geometry!$C$32*SIN(AE39)+Geometry!$C$8*Geometry!$C$30*(1-COS(AE39)))>=0,1,-1)*ACOS(MAX(-1,MIN(1,(Geometry!$C$27*COS(AE39)+Geometry!$C$31*SIN(AE39)+Geometry!$C$7*Geometry!$C$30*(1-COS(AE39)))/SQRT((Geometry!$C$27*COS(AE39)+Geometry!$C$31*SIN(AE39)+Geometry!$C$7*Geometry!$C$30*(1-COS(AE39)))^2+(Geometry!$C$28*COS(AE39)+Geometry!$C$32*SIN(AE39)+Geometry!$C$8*Geometry!$C$30*(1-COS(AE39)))^2))))*180/PI()) -> -11.449227
A40: =IF(Inputs!$E$9+38*Inputs!$E$11<=Inputs!$E$10,Inputs!$E$9+38*Inputs!$E$11,"") -> -22 | B40: =IF(NOT(ISNUMBER($A40)),"",Inputs!$B$17+$A40*Inputs!$E$6/SQRT(Inputs!$E$6^2+Inputs!$E$7^2+Inputs!$E$8^2)) -> 919.873 | C40: =IF(NOT(ISNUMBER($A40)),"",Inputs!$C$17+$A40*Inputs!$E$7/SQRT(Inputs!$E$6^2+Inputs!$E$7^2+Inputs!$E$8^2)) -> 235.454 | D40: =IF(NOT(ISNUMBER($A40)),"",Inputs!$D$17+$A40*Inputs!$E$8/SQRT(Inputs!$E$6^2+Inputs!$E$7^2+Inputs!$E$8^2)) -> 182.189 | E40: =IF(NOT(ISNUMBER($A40)),"",Inputs!$B$15+Geometry!$B$15-B40) -> -24.932661 | F40: =IF(NOT(ISNUMBER($A40)),"",Inputs!$C$15+Geometry!$B$16-C40) -> 205.76798 | G40: =IF(NOT(ISNUMBER($A40)),"",Inputs!$D$15+Geometry!$B$17-D40) -> 11.015352 | H40: =IF(NOT(ISNUMBER($A40)),"",2*(E40*Geometry!$B$18+F40*Geometry!$B$19+G40*Geometry!$B$20)) -> 9021.4604 | I40: =IF(NOT(ISNUMBER($A40)),"",2*(E40*Geometry!$B$21+F40*Geometry!$B$22+G40*Geometry!$B$23)) -> 61496.501 | J40: =IF(NOT(ISNUMBER($A40)),"",Geometry!$B$24^2-(E40^2+F40^2+G40^2)-(Geometry!$B$18^2+Geometry!$B$19^2+Geometry!$B$20^2)) -> -1243.6076 | K40: =IF(NOT(ISNUMBER($A40)),"",SQRT(H40^2+I40^2)) -> 62154.697 | L40: =IF(OR(NOT(ISNUMBER($A40)),K40<0.000000000001),"",MAX(-1,MIN(1,J40/K40))) -> -0.020008265 | M40: =IF(OR(NOT(ISNUMBER($A40)),K40<0.000000000001),"",IF(I40>=0,ACOS(MAX(-1,MIN(1,H40/K40))),-ACOS(MAX(-1,MIN(1,H40/K40))))) -> 1.4251365 | N40: =IF(L40="","",ACOS(L40)) -> 1.5908059 | O40: =IF(M40="","",MOD(M40+Geometry!$B$47*N40+PI(),2*PI())-PI()) -> -0.1656694 | P40: =IF(NOT(ISNUMBER($A40)),"",AND(K40>=0.000000000001,ABS(J40)<=K40+0.00000001)) -> TRUE | Q40: =IF(P40=FALSE,"",IF((Geometry!$B$28*COS(O40)+Geometry!$B$32*SIN(O40)+Geometry!$B$8*Geometry!$B$30*(1-COS(O40)))>=0,1,-1)*ACOS(MAX(-1,MIN(1,(Geometry!$B$27*COS(O40)+Geometry!$B$31*SIN(O40)+Geometry!$B$7*Geometry!$B$30*(1-COS(O40)))/SQRT((Geometry!$B$27*COS(O40)+Geometry!$B$31*SIN(O40)+Geometry!$B$7*Geometry!$B$30*(1-COS(O40)))^2+(Geometry!$B$28*COS(O40)+Geometry!$B$32*SIN(O40)+Geometry!$B$8*Geometry!$B$30*(1-COS(O40)))^2))))*180/PI()) -> -9.3097211 | R40: =IF(NOT(ISNUMBER($A40)),"",Inputs!$B$21+$A40*Inputs!$E$6/SQRT(Inputs!$E$6^2+Inputs!$E$7^2+Inputs!$E$8^2)) -> 919.873 | S40: =IF(NOT(ISNUMBER($A40)),"",Inputs!$C$21+$A40*Inputs!$E$7/SQRT(Inputs!$E$6^2+Inputs!$E$7^2+Inputs!$E$8^2)) -> -279.454 | T40: =IF(NOT(ISNUMBER($A40)),"",Inputs!$D$21+$A40*Inputs!$E$8/SQRT(Inputs!$E$6^2+Inputs!$E$7^2+Inputs!$E$8^2)) -> 182.189 | U40: =IF(NOT(ISNUMBER($A40)),"",Inputs!$B$19+Geometry!$C$15-R40) -> -24.932661 | V40: =IF(NOT(ISNUMBER($A40)),"",Inputs!$C$19+Geometry!$C$16-S40) -> -161.76798 | W40: =IF(NOT(ISNUMBER($A40)),"",Inputs!$D$19+Geometry!$C$17-T40) -> 11.015352 | X40: =IF(NOT(ISNUMBER($A40)),"",2*(U40*Geometry!$C$18+V40*Geometry!$C$19+W40*Geometry!$C$20)) -> 5630.907 | Y40: =IF(NOT(ISNUMBER($A40)),"",2*(U40*Geometry!$C$21+V40*Geometry!$C$22+W40*Geometry!$C$23)) -> -48891.277 | Z40: =IF(NOT(ISNUMBER($A40)),"",Geometry!$C$24^2-(U40^2+V40^2+W40^2)-(Geometry!$C$18^2+Geometry!$C$19^2+Geometry!$C$20^2)) -> 14927.975 | AA40: =IF(NOT(ISNUMBER($A40)),"",SQRT(X40^2+Y40^2)) -> 49214.47 | AB40: =IF(OR(NOT(ISNUMBER($A40)),AA40<0.000000000001),"",MAX(-1,MIN(1,Z40/AA40))) -> 0.30332491 | AC40: =IF(OR(NOT(ISNUMBER($A40)),AA40<0.000000000001),"",IF(Y40>=0,ACOS(MAX(-1,MIN(1,X40/AA40))),-ACOS(MAX(-1,MIN(1,X40/AA40))))) -> -1.4561295 | AD40: =IF(AB40="","",ACOS(AB40)) -> 1.2626163 | AE40: =IF(AC40="","",MOD(AC40+Geometry!$C$47*AD40+PI(),2*PI())-PI()) -> -0.19351324 | AF40: =IF(NOT(ISNUMBER($A40)),"",AND(AA40>=0.000000000001,ABS(Z40)<=AA40+0.00000001)) -> TRUE | AG40: =IF(AF40=FALSE,"",IF((Geometry!$C$28*COS(AE40)+Geometry!$C$32*SIN(AE40)+Geometry!$C$8*Geometry!$C$30*(1-COS(AE40)))>=0,1,-1)*ACOS(MAX(-1,MIN(1,(Geometry!$C$27*COS(AE40)+Geometry!$C$31*SIN(AE40)+Geometry!$C$7*Geometry!$C$30*(1-COS(AE40)))/SQRT((Geometry!$C$27*COS(AE40)+Geometry!$C$31*SIN(AE40)+Geometry!$C$7*Geometry!$C$30*(1-COS(AE40)))^2+(Geometry!$C$28*COS(AE40)+Geometry!$C$32*SIN(AE40)+Geometry!$C$8*Geometry!$C$30*(1-COS(AE40)))^2))))*180/PI()) -> -10.899788
A41: =IF(Inputs!$E$9+39*Inputs!$E$11<=Inputs!$E$10,Inputs!$E$9+39*Inputs!$E$11,"") -> -21 | B41: =IF(NOT(ISNUMBER($A41)),"",Inputs!$B$17+$A41*Inputs!$E$6/SQRT(Inputs!$E$6^2+Inputs!$E$7^2+Inputs!$E$8^2)) -> 919.873 | C41: =IF(NOT(ISNUMBER($A41)),"",Inputs!$C$17+$A41*Inputs!$E$7/SQRT(Inputs!$E$6^2+Inputs!$E$7^2+Inputs!$E$8^2)) -> 236.454 | D41: =IF(NOT(ISNUMBER($A41)),"",Inputs!$D$17+$A41*Inputs!$E$8/SQRT(Inputs!$E$6^2+Inputs!$E$7^2+Inputs!$E$8^2)) -> 182.189 | E41: =IF(NOT(ISNUMBER($A41)),"",Inputs!$B$15+Geometry!$B$15-B41) -> -24.932661 | F41: =IF(NOT(ISNUMBER($A41)),"",Inputs!$C$15+Geometry!$B$16-C41) -> 204.76798 | G41: =IF(NOT(ISNUMBER($A41)),"",Inputs!$D$15+Geometry!$B$17-D41) -> 11.015352 | H41: =IF(NOT(ISNUMBER($A41)),"",2*(E41*Geometry!$B$18+F41*Geometry!$B$19+G41*Geometry!$B$20)) -> 8944.4023 | I41: =IF(NOT(ISNUMBER($A41)),"",2*(E41*Geometry!$B$21+F41*Geometry!$B$22+G41*Geometry!$B$23)) -> 61210.019 | J41: =IF(NOT(ISNUMBER($A41)),"",Geometry!$B$24^2-(E41^2+F41^2+G41^2)-(Geometry!$B$18^2+Geometry!$B$19^2+Geometry!$B$20^2)) -> -833.07167 | K41: =IF(NOT(ISNUMBER($A41)),"",SQRT(H41^2+I41^2)) -> 61860.074 | L41: =IF(OR(NOT(ISNUMBER($A41)),K41<0.000000000001),"",MAX(-1,MIN(1,J41/K41))) -> -0.013467033 | M41: =IF(OR(NOT(ISNUMBER($A41)),K41<0.000000000001),"",IF(I41>=0,ACOS(MAX(-1,MIN(1,H41/K41))),-ACOS(MAX(-1,MIN(1,H41/K41))))) -> 1.4256968 | N41: =IF(L41="","",ACOS(L41)) -> 1.5842638 | O41: =IF(M41="","",MOD(M41+Geometry!$B$47*N41+PI(),2*PI())-PI()) -> -0.15856693 | P41: =IF(NOT(ISNUMBER($A41)),"",AND(K41>=0.000000000001,ABS(J41)<=K41+0.00000001)) -> TRUE | Q41: =IF(P41=FALSE,"",IF((Geometry!$B$28*COS(O41)+Geometry!$B$32*SIN(O41)+Geometry!$B$8*Geometry!$B$30*(1-COS(O41)))>=0,1,-1)*ACOS(MAX(-1,MIN(1,(Geometry!$B$27*COS(O41)+Geometry!$B$31*SIN(O41)+Geometry!$B$7*Geometry!$B$30*(1-COS(O41)))/SQRT((Geometry!$B$27*COS(O41)+Geometry!$B$31*SIN(O41)+Geometry!$B$7*Geometry!$B$30*(1-COS(O41)))^2+(Geometry!$B$28*COS(O41)+Geometry!$B$32*SIN(O41)+Geometry!$B$8*Geometry!$B$30*(1-COS(O41)))^2))))*180/PI()) -> -8.9107871 | R41: =IF(NOT(ISNUMBER($A41)),"",Inputs!$B$21+$A41*Inputs!$E$6/SQRT(Inputs!$E$6^2+Inputs!$E$7^2+Inputs!$E$8^2)) -> 919.873 | S41: =IF(NOT(ISNUMBER($A41)),"",Inputs!$C$21+$A41*Inputs!$E$7/SQRT(Inputs!$E$6^2+Inputs!$E$7^2+Inputs!$E$8^2)) -> -278.454 | T41: =IF(NOT(ISNUMBER($A41)),"",Inputs!$D$21+$A41*Inputs!$E$8/SQRT(Inputs!$E$6^2+Inputs!$E$7^2+Inputs!$E$8^2)) -> 182.189 | U41: =IF(NOT(ISNUMBER($A41)),"",Inputs!$B$19+Geometry!$C$15-R41) -> -24.932661 | V41: =IF(NOT(ISNUMBER($A41)),"",Inputs!$C$19+Geometry!$C$16-S41) -> -162.76798 | W41: =IF(NOT(ISNUMBER($A41)),"",Inputs!$D$19+Geometry!$C$17-T41) -> 11.015352 | X41: =IF(NOT(ISNUMBER($A41)),"",2*(U41*Geometry!$C$18+V41*Geometry!$C$19+W41*Geometry!$C$20)) -> 5707.965 | Y41: =IF(NOT(ISNUMBER($A41)),"",2*(U41*Geometry!$C$21+V41*Geometry!$C$22+W41*Geometry!$C$23)) -> -49177.759 | Z41: =IF(NOT(ISNUMBER($A41)),"",Geometry!$C$24^2-(U41^2+V41^2+W41^2)-(Geometry!$C$18^2+Geometry!$C$19^2+Geometry!$C$20^2)) -> 14603.439 | AA41: =IF(NOT(ISNUMBER($A41)),"",SQRT(X41^2+Y41^2)) -> 49507.907 | AB41: =IF(OR(NOT(ISNUMBER($A41)),AA41<0.000000000001),"",MAX(-1,MIN(1,Z41/AA41))) -> 0.29497185 | AC41: =IF(OR(NOT(ISNUMBER($A41)),AA41<0.000000000001),"",IF(Y41>=0,ACOS(MAX(-1,MIN(1,X41/AA41))),-ACOS(MAX(-1,MIN(1,X41/AA41))))) -> -1.4552454 | AD41: =IF(AB41="","",ACOS(AB41)) -> 1.2713703 | AE41: =IF(AC41="","",MOD(AC41+Geometry!$C$47*AD41+PI(),2*PI())-PI()) -> -0.18387508 | AF41: =IF(NOT(ISNUMBER($A41)),"",AND(AA41>=0.000000000001,ABS(Z41)<=AA41+0.00000001)) -> TRUE | AG41: =IF(AF41=FALSE,"",IF((Geometry!$C$28*COS(AE41)+Geometry!$C$32*SIN(AE41)+Geometry!$C$8*Geometry!$C$30*(1-COS(AE41)))>=0,1,-1)*ACOS(MAX(-1,MIN(1,(Geometry!$C$27*COS(AE41)+Geometry!$C$31*SIN(AE41)+Geometry!$C$7*Geometry!$C$30*(1-COS(AE41)))/SQRT((Geometry!$C$27*COS(AE41)+Geometry!$C$31*SIN(AE41)+Geometry!$C$7*Geometry!$C$30*(1-COS(AE41)))^2+(Geometry!$C$28*COS(AE41)+Geometry!$C$32*SIN(AE41)+Geometry!$C$8*Geometry!$C$30*(1-COS(AE41)))^2))))*180/PI()) -> -10.355954
A42: =IF(Inputs!$E$9+40*Inputs!$E$11<=Inputs!$E$10,Inputs!$E$9+40*Inputs!$E$11,"") -> -20 | B42: =IF(NOT(ISNUMBER($A42)),"",Inputs!$B$17+$A42*Inputs!$E$6/SQRT(Inputs!$E$6^2+Inputs!$E$7^2+Inputs!$E$8^2)) -> 919.873 | C42: =IF(NOT(ISNUMBER($A42)),"",Inputs!$C$17+$A42*Inputs!$E$7/SQRT(Inputs!$E$6^2+Inputs!$E$7^2+Inputs!$E$8^2)) -> 237.454 | D42: =IF(NOT(ISNUMBER($A42)),"",Inputs!$D$17+$A42*Inputs!$E$8/SQRT(Inputs!$E$6^2+Inputs!$E$7^2+Inputs!$E$8^2)) -> 182.189 | E42: =IF(NOT(ISNUMBER($A42)),"",Inputs!$B$15+Geometry!$B$15-B42) -> -24.932661 | F42: =IF(NOT(ISNUMBER($A42)),"",Inputs!$C$15+Geometry!$B$16-C42) -> 203.76798 | G42: =IF(NOT(ISNUMBER($A42)),"",Inputs!$D$15+Geometry!$B$17-D42) -> 11.015352 | H42: =IF(NOT(ISNUMBER($A42)),"",2*(E42*Geometry!$B$18+F42*Geometry!$B$19+G42*Geometry!$B$20)) -> 8867.3443 | I42: =IF(NOT(ISNUMBER($A42)),"",2*(E42*Geometry!$B$21+F42*Geometry!$B$22+G42*Geometry!$B$23)) -> 60923.536 | J42: =IF(NOT(ISNUMBER($A42)),"",Geometry!$B$24^2-(E42^2+F42^2+G42^2)-(Geometry!$B$18^2+Geometry!$B$19^2+Geometry!$B$20^2)) -> -424.5357 | K42: =IF(NOT(ISNUMBER($A42)),"",SQRT(H42^2+I42^2)) -> 61565.47 | L42: =IF(OR(NOT(ISNUMBER($A42)),K42<0.000000000001),"",MAX(-1,MIN(1,J42/K42))) -> -0.0068956788 | M42: =IF(OR(NOT(ISNUMBER($A42)),K42<0.000000000001),"",IF(I42>=0,ACOS(MAX(-1,MIN(1,H42/K42))),-ACOS(MAX(-1,MIN(1,H42/K42))))) -> 1.4262625 | N42: =IF(L42="","",ACOS(L42)) -> 1.5776921 | O42: =IF(M42="","",MOD(M42+Geometry!$B$47*N42+PI(),2*PI())-PI()) -> -0.15142956 | P42: =IF(NOT(ISNUMBER($A42)),"",AND(K42>=0.000000000001,ABS(J42)<=K42+0.00000001)) -> TRUE | Q42: =IF(P42=FALSE,"",IF((Geometry!$B$28*COS(O42)+Geometry!$B$32*SIN(O42)+Geometry!$B$8*Geometry!$B$30*(1-COS(O42)))>=0,1,-1)*ACOS(MAX(-1,MIN(1,(Geometry!$B$27*COS(O42)+Geometry!$B$31*SIN(O42)+Geometry!$B$7*Geometry!$B$30*(1-COS(O42)))/SQRT((Geometry!$B$27*COS(O42)+Geometry!$B$31*SIN(O42)+Geometry!$B$7*Geometry!$B$30*(1-COS(O42)))^2+(Geometry!$B$28*COS(O42)+Geometry!$B$32*SIN(O42)+Geometry!$B$8*Geometry!$B$30*(1-COS(O42)))^2))))*180/PI()) -> -8.5098851 | R42: =IF(NOT(ISNUMBER($A42)),"",Inputs!$B$21+$A42*Inputs!$E$6/SQRT(Inputs!$E$6^2+Inputs!$E$7^2+Inputs!$E$8^2)) -> 919.873 | S42: =IF(NOT(ISNUMBER($A42)),"",Inputs!$C$21+$A42*Inputs!$E$7/SQRT(Inputs!$E$6^2+Inputs!$E$7^2+Inputs!$E$8^2)) -> -277.454 | T42: =IF(NOT(ISNUMBER($A42)),"",Inputs!$D$21+$A42*Inputs!$E$8/SQRT(Inputs!$E$6^2+Inputs!$E$7^2+Inputs!$E$8^2)) -> 182.189 | U42: =IF(NOT(ISNUMBER($A42)),"",Inputs!$B$19+Geometry!$C$15-R42) -> -24.932661 | V42: =IF(NOT(ISNUMBER($A42)),"",Inputs!$C$19+Geometry!$C$16-S42) -> -163.76798 | W42: =IF(NOT(ISNUMBER($A42)),"",Inputs!$D$19+Geometry!$C$17-T42) -> 11.015352 | X42: =IF(NOT(ISNUMBER($A42)),"",2*(U42*Geometry!$C$18+V42*Geometry!$C$19+W42*Geometry!$C$20)) -> 5785.0231 | Y42: =IF(NOT(ISNUMBER($A42)),"",2*(U42*Geometry!$C$21+V42*Geometry!$C$22+W42*Geometry!$C$23)) -> -49464.242 | Z42: =IF(NOT(ISNUMBER($A42)),"",Geometry!$C$24^2-(U42^2+V42^2+W42^2)-(Geometry!$C$18^2+Geometry!$C$19^2+Geometry!$C$20^2)) -> 14276.903 | AA42: =IF(NOT(ISNUMBER($A42)),"",SQRT(X42^2+Y42^2)) -> 49801.383 | AB42: =IF(OR(NOT(ISNUMBER($A42)),AA42<0.000000000001),"",MAX(-1,MIN(1,Z42/AA42))) -> 0.28667684 | AC42: =IF(OR(NOT(ISNUMBER($A42)),AA42<0.000000000001),"",IF(Y42>=0,ACOS(MAX(-1,MIN(1,X42/AA42))),-ACOS(MAX(-1,MIN(1,X42/AA42))))) -> -1.4543716 | AD42: =IF(AB42="","",ACOS(AB42)) -> 1.28004 | AE42: =IF(AC42="","",MOD(AC42+Geometry!$C$47*AD42+PI(),2*PI())-PI()) -> -0.17433154 | AF42: =IF(NOT(ISNUMBER($A42)),"",AND(AA42>=0.000000000001,ABS(Z42)<=AA42+0.00000001)) -> TRUE | AG42: =IF(AF42=FALSE,"",IF((Geometry!$C$28*COS(AE42)+Geometry!$C$32*SIN(AE42)+Geometry!$C$8*Geometry!$C$30*(1-COS(AE42)))>=0,1,-1)*ACOS(MAX(-1,MIN(1,(Geometry!$C$27*COS(AE42)+Geometry!$C$31*SIN(AE42)+Geometry!$C$7*Geometry!$C$30*(1-COS(AE42)))/SQRT((Geometry!$C$27*COS(AE42)+Geometry!$C$31*SIN(AE42)+Geometry!$C$7*Geometry!$C$30*(1-COS(AE42)))^2+(Geometry!$C$28*COS(AE42)+Geometry!$C$32*SIN(AE42)+Geometry!$C$8*Geometry!$C$30*(1-COS(AE42)))^2))))*180/PI()) -> -9.8175705
A43: =IF(Inputs!$E$9+41*Inputs!$E$11<=Inputs!$E$10,Inputs!$E$9+41*Inputs!$E$11,"") -> -19 | B43: =IF(NOT(ISNUMBER($A43)),"",Inputs!$B$17+$A43*Inputs!$E$6/SQRT(Inputs!$E$6^2+Inputs!$E$7^2+Inputs!$E$8^2)) -> 919.873 | C43: =IF(NOT(ISNUMBER($A43)),"",Inputs!$C$17+$A43*Inputs!$E$7/SQRT(Inputs!$E$6^2+Inputs!$E$7^2+Inputs!$E$8^2)) -> 238.454 | D43: =IF(NOT(ISNUMBER($A43)),"",Inputs!$D$17+$A43*Inputs!$E$8/SQRT(Inputs!$E$6^2+Inputs!$E$7^2+Inputs!$E$8^2)) -> 182.189 | E43: =IF(NOT(ISNUMBER($A43)),"",Inputs!$B$15+Geometry!$B$15-B43) -> -24.932661 | F43: =IF(NOT(ISNUMBER($A43)),"",Inputs!$C$15+Geometry!$B$16-C43) -> 202.76798 | G43: =IF(NOT(ISNUMBER($A43)),"",Inputs!$D$15+Geometry!$B$17-D43) -> 11.015352 | H43: =IF(NOT(ISNUMBER($A43)),"",2*(E43*Geometry!$B$18+F43*Geometry!$B$19+G43*Geometry!$B$20)) -> 8790.2863 | I43: =IF(NOT(ISNUMBER($A43)),"",2*(E43*Geometry!$B$21+F43*Geometry!$B$22+G43*Geometry!$B$23)) -> 60637.054 | J43: =IF(NOT(ISNUMBER($A43)),"",Geometry!$B$24^2-(E43^2+F43^2+G43^2)-(Geometry!$B$18^2+Geometry!$B$19^2+Geometry!$B$20^2)) -> -17.999735 | K43: =IF(NOT(ISNUMBER($A43)),"",SQRT(H43^2+I43^2)) -> 61270.886 | L43: =IF(OR(NOT(ISNUMBER($A43)),K43<0.000000000001),"",MAX(-1,MIN(1,J43/K43))) -> -0.00029377304 | M43: =IF(OR(NOT(ISNUMBER($A43)),K43<0.000000000001),"",IF(I43>=0,ACOS(MAX(-1,MIN(1,H43/K43))),-ACOS(MAX(-1,MIN(1,H43/K43))))) -> 1.4268336 | N43: =IF(L43="","",ACOS(L43)) -> 1.5710901 | O43: =IF(M43="","",MOD(M43+Geometry!$B$47*N43+PI(),2*PI())-PI()) -> -0.14425649 | P43: =IF(NOT(ISNUMBER($A43)),"",AND(K43>=0.000000000001,ABS(J43)<=K43+0.00000001)) -> TRUE | Q43: =IF(P43=FALSE,"",IF((Geometry!$B$28*COS(O43)+Geometry!$B$32*SIN(O43)+Geometry!$B$8*Geometry!$B$30*(1-COS(O43)))>=0,1,-1)*ACOS(MAX(-1,MIN(1,(Geometry!$B$27*COS(O43)+Geometry!$B$31*SIN(O43)+Geometry!$B$7*Geometry!$B$30*(1-COS(O43)))/SQRT((Geometry!$B$27*COS(O43)+Geometry!$B$31*SIN(O43)+Geometry!$B$7*Geometry!$B$30*(1-COS(O43)))^2+(Geometry!$B$28*COS(O43)+Geometry!$B$32*SIN(O43)+Geometry!$B$8*Geometry!$B$30*(1-COS(O43)))^2))))*180/PI()) -> -8.1069697 | R43: =IF(NOT(ISNUMBER($A43)),"",Inputs!$B$21+$A43*Inputs!$E$6/SQRT(Inputs!$E$6^2+Inputs!$E$7^2+Inputs!$E$8^2)) -> 919.873 | S43: =IF(NOT(ISNUMBER($A43)),"",Inputs!$C$21+$A43*Inputs!$E$7/SQRT(Inputs!$E$6^2+Inputs!$E$7^2+Inputs!$E$8^2)) -> -276.454 | T43: =IF(NOT(ISNUMBER($A43)),"",Inputs!$D$21+$A43*Inputs!$E$8/SQRT(Inputs!$E$6^2+Inputs!$E$7^2+Inputs!$E$8^2)) -> 182.189 | U43: =IF(NOT(ISNUMBER($A43)),"",Inputs!$B$19+Geometry!$C$15-R43) -> -24.932661 | V43: =IF(NOT(ISNUMBER($A43)),"",Inputs!$C$19+Geometry!$C$16-S43) -> -164.76798 | W43: =IF(NOT(ISNUMBER($A43)),"",Inputs!$D$19+Geometry!$C$17-T43) -> 11.015352 | X43: =IF(NOT(ISNUMBER($A43)),"",2*(U43*Geometry!$C$18+V43*Geometry!$C$19+W43*Geometry!$C$20)) -> 5862.0811 | Y43: =IF(NOT(ISNUMBER($A43)),"",2*(U43*Geometry!$C$21+V43*Geometry!$C$22+W43*Geometry!$C$23)) -> -49750.724 | Z43: =IF(NOT(ISNUMBER($A43)),"",Geometry!$C$24^2-(U43^2+V43^2+W43^2)-(Geometry!$C$18^2+Geometry!$C$19^2+Geometry!$C$20^2)) -> 13948.367 | AA43: =IF(NOT(ISNUMBER($A43)),"",SQRT(X43^2+Y43^2)) -> 50094.895 | AB43: =IF(OR(NOT(ISNUMBER($A43)),AA43<0.000000000001),"",MAX(-1,MIN(1,Z43/AA43))) -> 0.27843889 | AC43: =IF(OR(NOT(ISNUMBER($A43)),AA43<0.000000000001),"",IF(Y43>=0,ACOS(MAX(-1,MIN(1,X43/AA43))),-ACOS(MAX(-1,MIN(1,X43/AA43))))) -> -1.4535081 | AD43: =IF(AB43="","",ACOS(AB43)) -> 1.288628 | AE43: =IF(AC43="","",MOD(AC43+Geometry!$C$47*AD43+PI(),2*PI())-PI()) -> -0.16488008 | AF43: =IF(NOT(ISNUMBER($A43)),"",AND(AA43>=0.000000000001,ABS(Z43)<=AA43+0.00000001)) -> TRUE | AG43: =IF(AF43=FALSE,"",IF((Geometry!$C$28*COS(AE43)+Geometry!$C$32*SIN(AE43)+Geometry!$C$8*Geometry!$C$30*(1-COS(AE43)))>=0,1,-1)*ACOS(MAX(-1,MIN(1,(Geometry!$C$27*COS(AE43)+Geometry!$C$31*SIN(AE43)+Geometry!$C$7*Geometry!$C$30*(1-COS(AE43)))/SQRT((Geometry!$C$27*COS(AE43)+Geometry!$C$31*SIN(AE43)+Geometry!$C$7*Geometry!$C$30*(1-COS(AE43)))^2+(Geometry!$C$28*COS(AE43)+Geometry!$C$32*SIN(AE43)+Geometry!$C$8*Geometry!$C$30*(1-COS(AE43)))^2))))*180/PI()) -> -9.28449
A44: =IF(Inputs!$E$9+42*Inputs!$E$11<=Inputs!$E$10,Inputs!$E$9+42*Inputs!$E$11,"") -> -18 | B44: =IF(NOT(ISNUMBER($A44)),"",Inputs!$B$17+$A44*Inputs!$E$6/SQRT(Inputs!$E$6^2+Inputs!$E$7^2+Inputs!$E$8^2)) -> 919.873 | C44: =IF(NOT(ISNUMBER($A44)),"",Inputs!$C$17+$A44*Inputs!$E$7/SQRT(Inputs!$E$6^2+Inputs!$E$7^2+Inputs!$E$8^2)) -> 239.454 | D44: =IF(NOT(ISNUMBER($A44)),"",Inputs!$D$17+$A44*Inputs!$E$8/SQRT(Inputs!$E$6^2+Inputs!$E$7^2+Inputs!$E$8^2)) -> 182.189 | E44: =IF(NOT(ISNUMBER($A44)),"",Inputs!$B$15+Geometry!$B$15-B44) -> -24.932661 | F44: =IF(NOT(ISNUMBER($A44)),"",Inputs!$C$15+Geometry!$B$16-C44) -> 201.76798 | G44: =IF(NOT(ISNUMBER($A44)),"",Inputs!$D$15+Geometry!$B$17-D44) -> 11.015352 | H44: =IF(NOT(ISNUMBER($A44)),"",2*(E44*Geometry!$B$18+F44*Geometry!$B$19+G44*Geometry!$B$20)) -> 8713.2282 | I44: =IF(NOT(ISNUMBER($A44)),"",2*(E44*Geometry!$B$21+F44*Geometry!$B$22+G44*Geometry!$B$23)) -> 60350.572 | J44: =IF(NOT(ISNUMBER($A44)),"",Geometry!$B$24^2-(E44^2+F44^2+G44^2)-(Geometry!$B$18^2+Geometry!$B$19^2+Geometry!$B$20^2)) -> 386.53623 | K44: =IF(NOT(ISNUMBER($A44)),"",SQRT(H44^2+I44^2)) -> 60976.322 | L44: =IF(OR(NOT(ISNUMBER($A44)),K44<0.000000000001),"",MAX(-1,MIN(1,J44/K44))) -> 0.0063391202 | M44: =IF(OR(NOT(ISNUMBER($A44)),K44<0.000000000001),"",IF(I44>=0,ACOS(MAX(-1,MIN(1,H44/K44))),-ACOS(MAX(-1,MIN(1,H44/K44))))) -> 1.4274102 | N44: =IF(L44="","",ACOS(L44)) -> 1.5644572 | O44: =IF(M44="","",MOD(M44+Geometry!$B$47*N44+PI(),2*PI())-PI()) -> -0.13704693 | P44: =IF(NOT(ISNUMBER($A44)),"",AND(K44>=0.000000000001,ABS(J44)<=K44+0.00000001)) -> TRUE | Q44: =IF(P44=FALSE,"",IF((Geometry!$B$28*COS(O44)+Geometry!$B$32*SIN(O44)+Geometry!$B$8*Geometry!$B$30*(1-COS(O44)))>=0,1,-1)*ACOS(MAX(-1,MIN(1,(Geometry!$B$27*COS(O44)+Geometry!$B$31*SIN(O44)+Geometry!$B$7*Geometry!$B$30*(1-COS(O44)))/SQRT((Geometry!$B$27*COS(O44)+Geometry!$B$31*SIN(O44)+Geometry!$B$7*Geometry!$B$30*(1-COS(O44)))^2+(Geometry!$B$28*COS(O44)+Geometry!$B$32*SIN(O44)+Geometry!$B$8*Geometry!$B$30*(1-COS(O44)))^2))))*180/PI()) -> -7.7019942 | R44: =IF(NOT(ISNUMBER($A44)),"",Inputs!$B$21+$A44*Inputs!$E$6/SQRT(Inputs!$E$6^2+Inputs!$E$7^2+Inputs!$E$8^2)) -> 919.873 | S44: =IF(NOT(ISNUMBER($A44)),"",Inputs!$C$21+$A44*Inputs!$E$7/SQRT(Inputs!$E$6^2+Inputs!$E$7^2+Inputs!$E$8^2)) -> -275.454 | T44: =IF(NOT(ISNUMBER($A44)),"",Inputs!$D$21+$A44*Inputs!$E$8/SQRT(Inputs!$E$6^2+Inputs!$E$7^2+Inputs!$E$8^2)) -> 182.189 | U44: =IF(NOT(ISNUMBER($A44)),"",Inputs!$B$19+Geometry!$C$15-R44) -> -24.932661 | V44: =IF(NOT(ISNUMBER($A44)),"",Inputs!$C$19+Geometry!$C$16-S44) -> -165.76798 | W44: =IF(NOT(ISNUMBER($A44)),"",Inputs!$D$19+Geometry!$C$17-T44) -> 11.015352 | X44: =IF(NOT(ISNUMBER($A44)),"",2*(U44*Geometry!$C$18+V44*Geometry!$C$19+W44*Geometry!$C$20)) -> 5939.1391 | Y44: =IF(NOT(ISNUMBER($A44)),"",2*(U44*Geometry!$C$21+V44*Geometry!$C$22+W44*Geometry!$C$23)) -> -50037.207 | Z44: =IF(NOT(ISNUMBER($A44)),"",Geometry!$C$24^2-(U44^2+V44^2+W44^2)-(Geometry!$C$18^2+Geometry!$C$19^2+Geometry!$C$20^2)) -> 13617.831 | AA44: =IF(NOT(ISNUMBER($A44)),"",SQRT(X44^2+Y44^2)) -> 50388.445 | AB44: =IF(OR(NOT(ISNUMBER($A44)),AA44<0.000000000001),"",MAX(-1,MIN(1,Z44/AA44))) -> 0.27025702 | AC44: =IF(OR(NOT(ISNUMBER($A44)),AA44<0.000000000001),"",IF(Y44>=0,ACOS(MAX(-1,MIN(1,X44/AA44))),-ACOS(MAX(-1,MIN(1,X44/AA44))))) -> -1.4526546 | AD44: =IF(AB44="","",ACOS(AB44)) -> 1.2971364 | AE44: =IF(AC44="","",MOD(AC44+Geometry!$C$47*AD44+PI(),2*PI())-PI()) -> -0.15551826 | AF44: =IF(NOT(ISNUMBER($A44)),"",AND(AA44>=0.000000000001,ABS(Z44)<=AA44+0.00000001)) -> TRUE | AG44: =IF(AF44=FALSE,"",IF((Geometry!$C$28*COS(AE44)+Geometry!$C$32*SIN(AE44)+Geometry!$C$8*Geometry!$C$30*(1-COS(AE44)))>=0,1,-1)*ACOS(MAX(-1,MIN(1,(Geometry!$C$27*COS(AE44)+Geometry!$C$31*SIN(AE44)+Geometry!$C$7*Geometry!$C$30*(1-COS(AE44)))/SQRT((Geometry!$C$27*COS(AE44)+Geometry!$C$31*SIN(AE44)+Geometry!$C$7*Geometry!$C$30*(1-COS(AE44)))^2+(Geometry!$C$28*COS(AE44)+Geometry!$C$32*SIN(AE44)+Geometry!$C$8*Geometry!$C$30*(1-COS(AE44)))^2))))*180/PI()) -> -8.7565695
A45: =IF(Inputs!$E$9+43*Inputs!$E$11<=Inputs!$E$10,Inputs!$E$9+43*Inputs!$E$11,"") -> -17 | B45: =IF(NOT(ISNUMBER($A45)),"",Inputs!$B$17+$A45*Inputs!$E$6/SQRT(Inputs!$E$6^2+Inputs!$E$7^2+Inputs!$E$8^2)) -> 919.873 | C45: =IF(NOT(ISNUMBER($A45)),"",Inputs!$C$17+$A45*Inputs!$E$7/SQRT(Inputs!$E$6^2+Inputs!$E$7^2+Inputs!$E$8^2)) -> 240.454 | D45: =IF(NOT(ISNUMBER($A45)),"",Inputs!$D$17+$A45*Inputs!$E$8/SQRT(Inputs!$E$6^2+Inputs!$E$7^2+Inputs!$E$8^2)) -> 182.189 | E45: =IF(NOT(ISNUMBER($A45)),"",Inputs!$B$15+Geometry!$B$15-B45) -> -24.932661 | F45: =IF(NOT(ISNUMBER($A45)),"",Inputs!$C$15+Geometry!$B$16-C45) -> 200.76798 | G45: =IF(NOT(ISNUMBER($A45)),"",Inputs!$D$15+Geometry!$B$17-D45) -> 11.015352 | H45: =IF(NOT(ISNUMBER($A45)),"",2*(E45*Geometry!$B$18+F45*Geometry!$B$19+G45*Geometry!$B$20)) -> 8636.1702 | I45: =IF(NOT(ISNUMBER($A45)),"",2*(E45*Geometry!$B$21+F45*Geometry!$B$22+G45*Geometry!$B$23)) -> 60064.089 | J45: =IF(NOT(ISNUMBER($A45)),"",Geometry!$B$24^2-(E45^2+F45^2+G45^2)-(Geometry!$B$18^2+Geometry!$B$19^2+Geometry!$B$20^2)) -> 789.0722 | K45: =IF(NOT(ISNUMBER($A45)),"",SQRT(H45^2+I45^2)) -> 60681.779 | L45: =IF(OR(NOT(ISNUMBER($A45)),K45<0.000000000001),"",MAX(-1,MIN(1,J45/K45))) -> 0.013003446 | M45: =IF(OR(NOT(ISNUMBER($A45)),K45<0.000000000001),"",IF(I45>=0,ACOS(MAX(-1,MIN(1,H45/K45))),-ACOS(MAX(-1,MIN(1,H45/K45))))) -> 1.4279925 | N45: =IF(L45="","",ACOS(L45)) -> 1.5577925 | O45: =IF(M45="","",MOD(M45+Geometry!$B$47*N45+PI(),2*PI())-PI()) -> -0.12980006 | P45: =IF(NOT(ISNUMBER($A45)),"",AND(K45>=0.000000000001,ABS(J45)<=K45+0.00000001)) -> TRUE | Q45: =IF(P45=FALSE,"",IF((Geometry!$B$28*COS(O45)+Geometry!$B$32*SIN(O45)+Geometry!$B$8*Geometry!$B$30*(1-COS(O45)))>=0,1,-1)*ACOS(MAX(-1,MIN(1,(Geometry!$B$27*COS(O45)+Geometry!$B$31*SIN(O45)+Geometry!$B$7*Geometry!$B$30*(1-COS(O45)))/SQRT((Geometry!$B$27*COS(O45)+Geometry!$B$31*SIN(O45)+Geometry!$B$7*Geometry!$B$30*(1-COS(O45)))^2+(Geometry!$B$28*COS(O45)+Geometry!$B$32*SIN(O45)+Geometry!$B$8*Geometry!$B$30*(1-COS(O45)))^2))))*180/PI()) -> -7.2949112 | R45: =IF(NOT(ISNUMBER($A45)),"",Inputs!$B$21+$A45*Inputs!$E$6/SQRT(Inputs!$E$6^2+Inputs!$E$7^2+Inputs!$E$8^2)) -> 919.873 | S45: =IF(NOT(ISNUMBER($A45)),"",Inputs!$C$21+$A45*Inputs!$E$7/SQRT(Inputs!$E$6^2+Inputs!$E$7^2+Inputs!$E$8^2)) -> -274.454 | T45: =IF(NOT(ISNUMBER($A45)),"",Inputs!$D$21+$A45*Inputs!$E$8/SQRT(Inputs!$E$6^2+Inputs!$E$7^2+Inputs!$E$8^2)) -> 182.189 | U45: =IF(NOT(ISNUMBER($A45)),"",Inputs!$B$19+Geometry!$C$15-R45) -> -24.932661 | V45: =IF(NOT(ISNUMBER($A45)),"",Inputs!$C$19+Geometry!$C$16-S45) -> -166.76798 | W45: =IF(NOT(ISNUMBER($A45)),"",Inputs!$D$19+Geometry!$C$17-T45) -> 11.015352 | X45: =IF(NOT(ISNUMBER($A45)),"",2*(U45*Geometry!$C$18+V45*Geometry!$C$19+W45*Geometry!$C$20)) -> 6016.1971 | Y45: =IF(NOT(ISNUMBER($A45)),"",2*(U45*Geometry!$C$21+V45*Geometry!$C$22+W45*Geometry!$C$23)) -> -50323.689 | Z45: =IF(NOT(ISNUMBER($A45)),"",Geometry!$C$24^2-(U45^2+V45^2+W45^2)-(Geometry!$C$18^2+Geometry!$C$19^2+Geometry!$C$20^2)) -> 13285.295 | AA45: =IF(NOT(ISNUMBER($A45)),"",SQRT(X45^2+Y45^2)) -> 50682.031 | AB45: =IF(OR(NOT(ISNUMBER($A45)),AA45<0.000000000001),"",MAX(-1,MIN(1,Z45/AA45))) -> 0.26213028 | AC45: =IF(OR(NOT(ISNUMBER($A45)),AA45<0.000000000001),"",IF(Y45>=0,ACOS(MAX(-1,MIN(1,X45/AA45))),-ACOS(MAX(-1,MIN(1,X45/AA45))))) -> -1.451811 | AD45: =IF(AB45="","",ACOS(AB45)) -> 1.3055673 | AE45: =IF(AC45="","",MOD(AC45+Geometry!$C$47*AD45+PI(),2*PI())-PI()) -> -0.14624372 | AF45: =IF(NOT(ISNUMBER($A45)),"",AND(AA45>=0.000000000001,ABS(Z45)<=AA45+0.00000001)) -> TRUE | AG45: =IF(AF45=FALSE,"",IF((Geometry!$C$28*COS(AE45)+Geometry!$C$32*SIN(AE45)+Geometry!$C$8*Geometry!$C$30*(1-COS(AE45)))>=0,1,-1)*ACOS(MAX(-1,MIN(1,(Geometry!$C$27*COS(AE45)+Geometry!$C$31*SIN(AE45)+Geometry!$C$7*Geometry!$C$30*(1-COS(AE45)))/SQRT((Geometry!$C$27*COS(AE45)+Geometry!$C$31*SIN(AE45)+Geometry!$C$7*Geometry!$C$30*(1-COS(AE45)))^2+(Geometry!$C$28*COS(AE45)+Geometry!$C$32*SIN(AE45)+Geometry!$C$8*Geometry!$C$30*(1-COS(AE45)))^2))))*180/PI()) -> -8.2336716
A46: =IF(Inputs!$E$9+44*Inputs!$E$11<=Inputs!$E$10,Inputs!$E$9+44*Inputs!$E$11,"") -> -16 | B46: =IF(NOT(ISNUMBER($A46)),"",Inputs!$B$17+$A46*Inputs!$E$6/SQRT(Inputs!$E$6^2+Inputs!$E$7^2+Inputs!$E$8^2)) -> 919.873 | C46: =IF(NOT(ISNUMBER($A46)),"",Inputs!$C$17+$A46*Inputs!$E$7/SQRT(Inputs!$E$6^2+Inputs!$E$7^2+Inputs!$E$8^2)) -> 241.454 | D46: =IF(NOT(ISNUMBER($A46)),"",Inputs!$D$17+$A46*Inputs!$E$8/SQRT(Inputs!$E$6^2+Inputs!$E$7^2+Inputs!$E$8^2)) -> 182.189 | E46: =IF(NOT(ISNUMBER($A46)),"",Inputs!$B$15+Geometry!$B$15-B46) -> -24.932661 | F46: =IF(NOT(ISNUMBER($A46)),"",Inputs!$C$15+Geometry!$B$16-C46) -> 199.76798 | G46: =IF(NOT(ISNUMBER($A46)),"",Inputs!$D$15+Geometry!$B$17-D46) -> 11.015352 | H46: =IF(NOT(ISNUMBER($A46)),"",2*(E46*Geometry!$B$18+F46*Geometry!$B$19+G46*Geometry!$B$20)) -> 8559.1122 | I46: =IF(NOT(ISNUMBER($A46)),"",2*(E46*Geometry!$B$21+F46*Geometry!$B$22+G46*Geometry!$B$23)) -> 59777.607 | J46: =IF(NOT(ISNUMBER($A46)),"",Geometry!$B$24^2-(E46^2+F46^2+G46^2)-(Geometry!$B$18^2+Geometry!$B$19^2+Geometry!$B$20^2)) -> 1189.6082 | K46: =IF(NOT(ISNUMBER($A46)),"",SQRT(H46^2+I46^2)) -> 60387.256 | L46: =IF(OR(NOT(ISNUMBER($A46)),K46<0.000000000001),"",MAX(-1,MIN(1,J46/K46))) -> 0.019699656 | M46: =IF(OR(NOT(ISNUMBER($A46)),K46<0.000000000001),"",IF(I46>=0,ACOS(MAX(-1,MIN(1,H46/K46))),-ACOS(MAX(-1,MIN(1,H46/K46))))) -> 1.4285804 | N46: =IF(L46="","",ACOS(L46)) -> 1.5510954 | O46: =IF(M46="","",MOD(M46+Geometry!$B$47*N46+PI(),2*PI())-PI()) -> -0.12251504 | P46: =IF(NOT(ISNUMBER($A46)),"",AND(K46>=0.000000000001,ABS(J46)<=K46+0.00000001)) -> TRUE | Q46: =IF(P46=FALSE,"",IF((Geometry!$B$28*COS(O46)+Geometry!$B$32*SIN(O46)+Geometry!$B$8*Geometry!$B$30*(1-COS(O46)))>=0,1,-1)*ACOS(MAX(-1,MIN(1,(Geometry!$B$27*COS(O46)+Geometry!$B$31*SIN(O46)+Geometry!$B$7*Geometry!$B$30*(1-COS(O46)))/SQRT((Geometry!$B$27*COS(O46)+Geometry!$B$31*SIN(O46)+Geometry!$B$7*Geometry!$B$30*(1-COS(O46)))^2+(Geometry!$B$28*COS(O46)+Geometry!$B$32*SIN(O46)+Geometry!$B$8*Geometry!$B$30*(1-COS(O46)))^2))))*180/PI()) -> -6.885672 | R46: =IF(NOT(ISNUMBER($A46)),"",Inputs!$B$21+$A46*Inputs!$E$6/SQRT(Inputs!$E$6^2+Inputs!$E$7^2+Inputs!$E$8^2)) -> 919.873 | S46: =IF(NOT(ISNUMBER($A46)),"",Inputs!$C$21+$A46*Inputs!$E$7/SQRT(Inputs!$E$6^2+Inputs!$E$7^2+Inputs!$E$8^2)) -> -273.454 | T46: =IF(NOT(ISNUMBER($A46)),"",Inputs!$D$21+$A46*Inputs!$E$8/SQRT(Inputs!$E$6^2+Inputs!$E$7^2+Inputs!$E$8^2)) -> 182.189 | U46: =IF(NOT(ISNUMBER($A46)),"",Inputs!$B$19+Geometry!$C$15-R46) -> -24.932661 | V46: =IF(NOT(ISNUMBER($A46)),"",Inputs!$C$19+Geometry!$C$16-S46) -> -167.76798 | W46: =IF(NOT(ISNUMBER($A46)),"",Inputs!$D$19+Geometry!$C$17-T46) -> 11.015352 | X46: =IF(NOT(ISNUMBER($A46)),"",2*(U46*Geometry!$C$18+V46*Geometry!$C$19+W46*Geometry!$C$20)) -> 6093.2552 | Y46: =IF(NOT(ISNUMBER($A46)),"",2*(U46*Geometry!$C$21+V46*Geometry!$C$22+W46*Geometry!$C$23)) -> -50610.171 | Z46: =IF(NOT(ISNUMBER($A46)),"",Geometry!$C$24^2-(U46^2+V46^2+W46^2)-(Geometry!$C$18^2+Geometry!$C$19^2+Geometry!$C$20^2)) -> 12950.759 | AA46: =IF(NOT(ISNUMBER($A46)),"",SQRT(X46^2+Y46^2)) -> 50975.653 | AB46: =IF(OR(NOT(ISNUMBER($A46)),AA46<0.000000000001),"",MAX(-1,MIN(1,Z46/AA46))) -> 0.25405774 | AC46: =IF(OR(NOT(ISNUMBER($A46)),AA46<0.000000000001),"",IF(Y46>=0,ACOS(MAX(-1,MIN(1,X46/AA46))),-ACOS(MAX(-1,MIN(1,X46/AA46))))) -> -1.4509772 | AD46: =IF(AB46="","",ACOS(AB46)) -> 1.313923 | AE46: =IF(AC46="","",MOD(AC46+Geometry!$C$47*AD46+PI(),2*PI())-PI()) -> -0.1370542 | AF46: =IF(NOT(ISNUMBER($A46)),"",AND(AA46>=0.000000000001,ABS(Z46)<=AA46+0.00000001)) -> TRUE | AG46: =IF(AF46=FALSE,"",IF((Geometry!$C$28*COS(AE46)+Geometry!$C$32*SIN(AE46)+Geometry!$C$8*Geometry!$C$30*(1-COS(AE46)))>=0,1,-1)*ACOS(MAX(-1,MIN(1,(Geometry!$C$27*COS(AE46)+Geometry!$C$31*SIN(AE46)+Geometry!$C$7*Geometry!$C$30*(1-COS(AE46)))/SQRT((Geometry!$C$27*COS(AE46)+Geometry!$C$31*SIN(AE46)+Geometry!$C$7*Geometry!$C$30*(1-COS(AE46)))^2+(Geometry!$C$28*COS(AE46)+Geometry!$C$32*SIN(AE46)+Geometry!$C$8*Geometry!$C$30*(1-COS(AE46)))^2))))*180/PI()) -> -7.7156635
A47: =IF(Inputs!$E$9+45*Inputs!$E$11<=Inputs!$E$10,Inputs!$E$9+45*Inputs!$E$11,"") -> -15 | B47: =IF(NOT(ISNUMBER($A47)),"",Inputs!$B$17+$A47*Inputs!$E$6/SQRT(Inputs!$E$6^2+Inputs!$E$7^2+Inputs!$E$8^2)) -> 919.873 | C47: =IF(NOT(ISNUMBER($A47)),"",Inputs!$C$17+$A47*Inputs!$E$7/SQRT(Inputs!$E$6^2+Inputs!$E$7^2+Inputs!$E$8^2)) -> 242.454 | D47: =IF(NOT(ISNUMBER($A47)),"",Inputs!$D$17+$A47*Inputs!$E$8/SQRT(Inputs!$E$6^2+Inputs!$E$7^2+Inputs!$E$8^2)) -> 182.189 | E47: =IF(NOT(ISNUMBER($A47)),"",Inputs!$B$15+Geometry!$B$15-B47) -> -24.932661 | F47: =IF(NOT(ISNUMBER($A47)),"",Inputs!$C$15+Geometry!$B$16-C47) -> 198.76798 | G47: =IF(NOT(ISNUMBER($A47)),"",Inputs!$D$15+Geometry!$B$17-D47) -> 11.015352 | H47: =IF(NOT(ISNUMBER($A47)),"",2*(E47*Geometry!$B$18+F47*Geometry!$B$19+G47*Geometry!$B$20)) -> 8482.0541 | I47: =IF(NOT(ISNUMBER($A47)),"",2*(E47*Geometry!$B$21+F47*Geometry!$B$22+G47*Geometry!$B$23)) -> 59491.125 | J47: =IF(NOT(ISNUMBER($A47)),"",Geometry!$B$24^2-(E47^2+F47^2+G47^2)-(Geometry!$B$18^2+Geometry!$B$19^2+Geometry!$B$20^2)) -> 1588.1441 | K47: =IF(NOT(ISNUMBER($A47)),"",SQRT(H47^2+I47^2)) -> 60092.755 | L47: =IF(OR(NOT(ISNUMBER($A47)),K47<0.000000000001),"",MAX(-1,MIN(1,J47/K47))) -> 0.026428213 | M47: =IF(OR(NOT(ISNUMBER($A47)),K47<0.000000000001),"",IF(I47>=0,ACOS(MAX(-1,MIN(1,H47/K47))),-ACOS(MAX(-1,MIN(1,H47/K47))))) -> 1.429174 | N47: =IF(L47="","",ACOS(L47)) -> 1.544365 | O47: =IF(M47="","",MOD(M47+Geometry!$B$47*N47+PI(),2*PI())-PI()) -> -0.11519102 | P47: =IF(NOT(ISNUMBER($A47)),"",AND(K47>=0.000000000001,ABS(J47)<=K47+0.00000001)) -> TRUE | Q47: =IF(P47=FALSE,"",IF((Geometry!$B$28*COS(O47)+Geometry!$B$32*SIN(O47)+Geometry!$B$8*Geometry!$B$30*(1-COS(O47)))>=0,1,-1)*ACOS(MAX(-1,MIN(1,(Geometry!$B$27*COS(O47)+Geometry!$B$31*SIN(O47)+Geometry!$B$7*Geometry!$B$30*(1-COS(O47)))/SQRT((Geometry!$B$27*COS(O47)+Geometry!$B$31*SIN(O47)+Geometry!$B$7*Geometry!$B$30*(1-COS(O47)))^2+(Geometry!$B$28*COS(O47)+Geometry!$B$32*SIN(O47)+Geometry!$B$8*Geometry!$B$30*(1-COS(O47)))^2))))*180/PI()) -> -6.4742267 | R47: =IF(NOT(ISNUMBER($A47)),"",Inputs!$B$21+$A47*Inputs!$E$6/SQRT(Inputs!$E$6^2+Inputs!$E$7^2+Inputs!$E$8^2)) -> 919.873 | S47: =IF(NOT(ISNUMBER($A47)),"",Inputs!$C$21+$A47*Inputs!$E$7/SQRT(Inputs!$E$6^2+Inputs!$E$7^2+Inputs!$E$8^2)) -> -272.454 | T47: =IF(NOT(ISNUMBER($A47)),"",Inputs!$D$21+$A47*Inputs!$E$8/SQRT(Inputs!$E$6^2+Inputs!$E$7^2+Inputs!$E$8^2)) -> 182.189 | U47: =IF(NOT(ISNUMBER($A47)),"",Inputs!$B$19+Geometry!$C$15-R47) -> -24.932661 | V47: =IF(NOT(ISNUMBER($A47)),"",Inputs!$C$19+Geometry!$C$16-S47) -> -168.76798 | W47: =IF(NOT(ISNUMBER($A47)),"",Inputs!$D$19+Geometry!$C$17-T47) -> 11.015352 | X47: =IF(NOT(ISNUMBER($A47)),"",2*(U47*Geometry!$C$18+V47*Geometry!$C$19+W47*Geometry!$C$20)) -> 6170.3132 | Y47: =IF(NOT(ISNUMBER($A47)),"",2*(U47*Geometry!$C$21+V47*Geometry!$C$22+W47*Geometry!$C$23)) -> -50896.654 | Z47: =IF(NOT(ISNUMBER($A47)),"",Geometry!$C$24^2-(U47^2+V47^2+W47^2)-(Geometry!$C$18^2+Geometry!$C$19^2+Geometry!$C$20^2)) -> 12614.223 | AA47: =IF(NOT(ISNUMBER($A47)),"",SQRT(X47^2+Y47^2)) -> 51269.31 | AB47: =IF(OR(NOT(ISNUMBER($A47)),AA47<0.000000000001),"",MAX(-1,MIN(1,Z47/AA47))) -> 0.24603848 | AC47: =IF(OR(NOT(ISNUMBER($A47)),AA47<0.000000000001),"",IF(Y47>=0,ACOS(MAX(-1,MIN(1,X47/AA47))),-ACOS(MAX(-1,MIN(1,X47/AA47))))) -> -1.4501529 | AD47: =IF(AB47="","",ACOS(AB47)) -> 1.3222054 | AE47: =IF(AC47="","",MOD(AC47+Geometry!$C$47*AD47+PI(),2*PI())-PI()) -> -0.12794751 | AF47: =IF(NOT(ISNUMBER($A47)),"",AND(AA47>=0.000000000001,ABS(Z47)<=AA47+0.00000001)) -> TRUE | AG47: =IF(AF47=FALSE,"",IF((Geometry!$C$28*COS(AE47)+Geometry!$C$32*SIN(AE47)+Geometry!$C$8*Geometry!$C$30*(1-COS(AE47)))>=0,1,-1)*ACOS(MAX(-1,MIN(1,(Geometry!$C$27*COS(AE47)+Geometry!$C$31*SIN(AE47)+Geometry!$C$7*Geometry!$C$30*(1-COS(AE47)))/SQRT((Geometry!$C$27*COS(AE47)+Geometry!$C$31*SIN(AE47)+Geometry!$C$7*Geometry!$C$30*(1-COS(AE47)))^2+(Geometry!$C$28*COS(AE47)+Geometry!$C$32*SIN(AE47)+Geometry!$C$8*Geometry!$C$30*(1-COS(AE47)))^2))))*180/PI()) -> -7.2024173
A48: =IF(Inputs!$E$9+46*Inputs!$E$11<=Inputs!$E$10,Inputs!$E$9+46*Inputs!$E$11,"") -> -14 | B48: =IF(NOT(ISNUMBER($A48)),"",Inputs!$B$17+$A48*Inputs!$E$6/SQRT(Inputs!$E$6^2+Inputs!$E$7^2+Inputs!$E$8^2)) -> 919.873 | C48: =IF(NOT(ISNUMBER($A48)),"",Inputs!$C$17+$A48*Inputs!$E$7/SQRT(Inputs!$E$6^2+Inputs!$E$7^2+Inputs!$E$8^2)) -> 243.454 | D48: =IF(NOT(ISNUMBER($A48)),"",Inputs!$D$17+$A48*Inputs!$E$8/SQRT(Inputs!$E$6^2+Inputs!$E$7^2+Inputs!$E$8^2)) -> 182.189 | E48: =IF(NOT(ISNUMBER($A48)),"",Inputs!$B$15+Geometry!$B$15-B48) -> -24.932661 | F48: =IF(NOT(ISNUMBER($A48)),"",Inputs!$C$15+Geometry!$B$16-C48) -> 197.76798 | G48: =IF(NOT(ISNUMBER($A48)),"",Inputs!$D$15+Geometry!$B$17-D48) -> 11.015352 | H48: =IF(NOT(ISNUMBER($A48)),"",2*(E48*Geometry!$B$18+F48*Geometry!$B$19+G48*Geometry!$B$20)) -> 8404.9961 | I48: =IF(NOT(ISNUMBER($A48)),"",2*(E48*Geometry!$B$21+F48*Geometry!$B$22+G48*Geometry!$B$23)) -> 59204.642 | J48: =IF(NOT(ISNUMBER($A48)),"",Geometry!$B$24^2-(E48^2+F48^2+G48^2)-(Geometry!$B$18^2+Geometry!$B$19^2+Geometry!$B$20^2)) -> 1984.6801 | K48: =IF(NOT(ISNUMBER($A48)),"",SQRT(H48^2+I48^2)) -> 59798.274 | L48: =IF(OR(NOT(ISNUMBER($A48)),K48<0.000000000001),"",MAX(-1,MIN(1,J48/K48))) -> 0.033189588 | M48: =IF(OR(NOT(ISNUMBER($A48)),K48<0.000000000001),"",IF(I48>=0,ACOS(MAX(-1,MIN(1,H48/K48))),-ACOS(MAX(-1,MIN(1,H48/K48))))) -> 1.4297735 | N48: =IF(L48="","",ACOS(L48)) -> 1.5376006 | O48: =IF(M48="","",MOD(M48+Geometry!$B$47*N48+PI(),2*PI())-PI()) -> -0.10782711 | P48: =IF(NOT(ISNUMBER($A48)),"",AND(K48>=0.000000000001,ABS(J48)<=K48+0.00000001)) -> TRUE | Q48: =IF(P48=FALSE,"",IF((Geometry!$B$28*COS(O48)+Geometry!$B$32*SIN(O48)+Geometry!$B$8*Geometry!$B$30*(1-COS(O48)))>=0,1,-1)*ACOS(MAX(-1,MIN(1,(Geometry!$B$27*COS(O48)+Geometry!$B$31*SIN(O48)+Geometry!$B$7*Geometry!$B$30*(1-COS(O48)))/SQRT((Geometry!$B$27*COS(O48)+Geometry!$B$31*SIN(O48)+Geometry!$B$7*Geometry!$B$30*(1-COS(O48)))^2+(Geometry!$B$28*COS(O48)+Geometry!$B$32*SIN(O48)+Geometry!$B$8*Geometry!$B$30*(1-COS(O48)))^2))))*180/PI()) -> -6.0605245 | R48: =IF(NOT(ISNUMBER($A48)),"",Inputs!$B$21+$A48*Inputs!$E$6/SQRT(Inputs!$E$6^2+Inputs!$E$7^2+Inputs!$E$8^2)) -> 919.873 | S48: =IF(NOT(ISNUMBER($A48)),"",Inputs!$C$21+$A48*Inputs!$E$7/SQRT(Inputs!$E$6^2+Inputs!$E$7^2+Inputs!$E$8^2)) -> -271.454 | T48: =IF(NOT(ISNUMBER($A48)),"",Inputs!$D$21+$A48*Inputs!$E$8/SQRT(Inputs!$E$6^2+Inputs!$E$7^2+Inputs!$E$8^2)) -> 182.189 | U48: =IF(NOT(ISNUMBER($A48)),"",Inputs!$B$19+Geometry!$C$15-R48) -> -24.932661 | V48: =IF(NOT(ISNUMBER($A48)),"",Inputs!$C$19+Geometry!$C$16-S48) -> -169.76798 | W48: =IF(NOT(ISNUMBER($A48)),"",Inputs!$D$19+Geometry!$C$17-T48) -> 11.015352 | X48: =IF(NOT(ISNUMBER($A48)),"",2*(U48*Geometry!$C$18+V48*Geometry!$C$19+W48*Geometry!$C$20)) -> 6247.3712 | Y48: =IF(NOT(ISNUMBER($A48)),"",2*(U48*Geometry!$C$21+V48*Geometry!$C$22+W48*Geometry!$C$23)) -> -51183.136 | Z48: =IF(NOT(ISNUMBER($A48)),"",Geometry!$C$24^2-(U48^2+V48^2+W48^2)-(Geometry!$C$18^2+Geometry!$C$19^2+Geometry!$C$20^2)) -> 12275.687 | AA48: =IF(NOT(ISNUMBER($A48)),"",SQRT(X48^2+Y48^2)) -> 51563.001 | AB48: =IF(OR(NOT(ISNUMBER($A48)),AA48<0.000000000001),"",MAX(-1,MIN(1,Z48/AA48))) -> 0.23807162 | AC48: =IF(OR(NOT(ISNUMBER($A48)),AA48<0.000000000001),"",IF(Y48>=0,ACOS(MAX(-1,MIN(1,X48/AA48))),-ACOS(MAX(-1,MIN(1,X48/AA48))))) -> -1.449338 | AD48: =IF(AB48="","",ACOS(AB48)) -> 1.3304164 | AE48: =IF(AC48="","",MOD(AC48+Geometry!$C$47*AD48+PI(),2*PI())-PI()) -> -0.11892153 | AF48: =IF(NOT(ISNUMBER($A48)),"",AND(AA48>=0.000000000001,ABS(Z48)<=AA48+0.00000001)) -> TRUE | AG48: =IF(AF48=FALSE,"",IF((Geometry!$C$28*COS(AE48)+Geometry!$C$32*SIN(AE48)+Geometry!$C$8*Geometry!$C$30*(1-COS(AE48)))>=0,1,-1)*ACOS(MAX(-1,MIN(1,(Geometry!$C$27*COS(AE48)+Geometry!$C$31*SIN(AE48)+Geometry!$C$7*Geometry!$C$30*(1-COS(AE48)))/SQRT((Geometry!$C$27*COS(AE48)+Geometry!$C$31*SIN(AE48)+Geometry!$C$7*Geometry!$C$30*(1-COS(AE48)))^2+(Geometry!$C$28*COS(AE48)+Geometry!$C$32*SIN(AE48)+Geometry!$C$8*Geometry!$C$30*(1-COS(AE48)))^2))))*180/PI()) -> -6.6938093
A49: =IF(Inputs!$E$9+47*Inputs!$E$11<=Inputs!$E$10,Inputs!$E$9+47*Inputs!$E$11,"") -> -13 | B49: =IF(NOT(ISNUMBER($A49)),"",Inputs!$B$17+$A49*Inputs!$E$6/SQRT(Inputs!$E$6^2+Inputs!$E$7^2+Inputs!$E$8^2)) -> 919.873 | C49: =IF(NOT(ISNUMBER($A49)),"",Inputs!$C$17+$A49*Inputs!$E$7/SQRT(Inputs!$E$6^2+Inputs!$E$7^2+Inputs!$E$8^2)) -> 244.454 | D49: =IF(NOT(ISNUMBER($A49)),"",Inputs!$D$17+$A49*Inputs!$E$8/SQRT(Inputs!$E$6^2+Inputs!$E$7^2+Inputs!$E$8^2)) -> 182.189 | E49: =IF(NOT(ISNUMBER($A49)),"",Inputs!$B$15+Geometry!$B$15-B49) -> -24.932661 | F49: =IF(NOT(ISNUMBER($A49)),"",Inputs!$C$15+Geometry!$B$16-C49) -> 196.76798 | G49: =IF(NOT(ISNUMBER($A49)),"",Inputs!$D$15+Geometry!$B$17-D49) -> 11.015352 | H49: =IF(NOT(ISNUMBER($A49)),"",2*(E49*Geometry!$B$18+F49*Geometry!$B$19+G49*Geometry!$B$20)) -> 8327.9381 | I49: =IF(NOT(ISNUMBER($A49)),"",2*(E49*Geometry!$B$21+F49*Geometry!$B$22+G49*Geometry!$B$23)) -> 58918.16 | J49: =IF(NOT(ISNUMBER($A49)),"",Geometry!$B$24^2-(E49^2+F49^2+G49^2)-(Geometry!$B$18^2+Geometry!$B$19^2+Geometry!$B$20^2)) -> 2379.2161 | K49: =IF(NOT(ISNUMBER($A49)),"",SQRT(H49^2+I49^2)) -> 59503.816 | L49: =IF(OR(NOT(ISNUMBER($A49)),K49<0.000000000001),"",MAX(-1,MIN(1,J49/K49))) -> 0.03998426 | M49: =IF(OR(NOT(ISNUMBER($A49)),K49<0.000000000001),"",IF(I49>=0,ACOS(MAX(-1,MIN(1,H49/K49))),-ACOS(MAX(-1,MIN(1,H49/K49))))) -> 1.430379 | N49: =IF(L49="","",ACOS(L49)) -> 1.5308014 | O49: =IF(M49="","",MOD(M49+Geometry!$B$47*N49+PI(),2*PI())-PI()) -> -0.10042243 | P49: =IF(NOT(ISNUMBER($A49)),"",AND(K49>=0.000000000001,ABS(J49)<=K49+0.00000001)) -> TRUE | Q49: =IF(P49=FALSE,"",IF((Geometry!$B$28*COS(O49)+Geometry!$B$32*SIN(O49)+Geometry!$B$8*Geometry!$B$30*(1-COS(O49)))>=0,1,-1)*ACOS(MAX(-1,MIN(1,(Geometry!$B$27*COS(O49)+Geometry!$B$31*SIN(O49)+Geometry!$B$7*Geometry!$B$30*(1-COS(O49)))/SQRT((Geometry!$B$27*COS(O49)+Geometry!$B$31*SIN(O49)+Geometry!$B$7*Geometry!$B$30*(1-COS(O49)))^2+(Geometry!$B$28*COS(O49)+Geometry!$B$32*SIN(O49)+Geometry!$B$8*Geometry!$B$30*(1-COS(O49)))^2))))*180/PI()) -> -5.6445132 | R49: =IF(NOT(ISNUMBER($A49)),"",Inputs!$B$21+$A49*Inputs!$E$6/SQRT(Inputs!$E$6^2+Inputs!$E$7^2+Inputs!$E$8^2)) -> 919.873 | S49: =IF(NOT(ISNUMBER($A49)),"",Inputs!$C$21+$A49*Inputs!$E$7/SQRT(Inputs!$E$6^2+Inputs!$E$7^2+Inputs!$E$8^2)) -> -270.454 | T49: =IF(NOT(ISNUMBER($A49)),"",Inputs!$D$21+$A49*Inputs!$E$8/SQRT(Inputs!$E$6^2+Inputs!$E$7^2+Inputs!$E$8^2)) -> 182.189 | U49: =IF(NOT(ISNUMBER($A49)),"",Inputs!$B$19+Geometry!$C$15-R49) -> -24.932661 | V49: =IF(NOT(ISNUMBER($A49)),"",Inputs!$C$19+Geometry!$C$16-S49) -> -170.76798 | W49: =IF(NOT(ISNUMBER($A49)),"",Inputs!$D$19+Geometry!$C$17-T49) -> 11.015352 | X49: =IF(NOT(ISNUMBER($A49)),"",2*(U49*Geometry!$C$18+V49*Geometry!$C$19+W49*Geometry!$C$20)) -> 6324.4293 | Y49: =IF(NOT(ISNUMBER($A49)),"",2*(U49*Geometry!$C$21+V49*Geometry!$C$22+W49*Geometry!$C$23)) -> -51469.618 | Z49: =IF(NOT(ISNUMBER($A49)),"",Geometry!$C$24^2-(U49^2+V49^2+W49^2)-(Geometry!$C$18^2+Geometry!$C$19^2+Geometry!$C$20^2)) -> 11935.151 | AA49: =IF(NOT(ISNUMBER($A49)),"",SQRT(X49^2+Y49^2)) -> 51856.726 | AB49: =IF(OR(NOT(ISNUMBER($A49)),AA49<0.000000000001),"",MAX(-1,MIN(1,Z49/AA49))) -> 0.23015628 | AC49: =IF(OR(NOT(ISNUMBER($A49)),AA49<0.000000000001),"",IF(Y49>=0,ACOS(MAX(-1,MIN(1,X49/AA49))),-ACOS(MAX(-1,MIN(1,X49/AA49))))) -> -1.4485323 | AD49: =IF(AB49="","",ACOS(AB49)) -> 1.3385581 | AE49: =IF(AC49="","",MOD(AC49+Geometry!$C$47*AD49+PI(),2*PI())-PI()) -> -0.10997422 | AF49: =IF(NOT(ISNUMBER($A49)),"",AND(AA49>=0.000000000001,ABS(Z49)<=AA49+0.00000001)) -> TRUE | AG49: =IF(AF49=FALSE,"",IF((Geometry!$C$28*COS(AE49)+Geometry!$C$32*SIN(AE49)+Geometry!$C$8*Geometry!$C$30*(1-COS(AE49)))>=0,1,-1)*ACOS(MAX(-1,MIN(1,(Geometry!$C$27*COS(AE49)+Geometry!$C$31*SIN(AE49)+Geometry!$C$7*Geometry!$C$30*(1-COS(AE49)))/SQRT((Geometry!$C$27*COS(AE49)+Geometry!$C$31*SIN(AE49)+Geometry!$C$7*Geometry!$C$30*(1-COS(AE49)))^2+(Geometry!$C$28*COS(AE49)+Geometry!$C$32*SIN(AE49)+Geometry!$C$8*Geometry!$C$30*(1-COS(AE49)))^2))))*180/PI()) -> -6.1897201
